product_id,image_path,filename,category
15025,images/15025.jpg,15025.jpg,Caps
17888,images/17888.jpg,17888.jpg,Innerwear Vests
28989,images/28989.jpg,28989.jpg,Kurta Sets
55427,images/55427.jpg,55427.jpg,Lipstick
58214,images/58214.jpg,58214.jpg,Patiala
38735,images/38735.jpg,38735.jpg,Messenger Bag
12538,images/12538.jpg,12538.jpg,Track Pants
37306,images/37306.jpg,37306.jpg,Watches
51589,images/51589.jpg,51589.jpg,Jeggings
52493,images/52493.jpg,52493.jpg,Camisoles
16222,images/16222.jpg,16222.jpg,Track Pants
25770,images/25770.jpg,25770.jpg,Suspenders
31895,images/31895.jpg,31895.jpg,Stoles
56261,images/56261.jpg,56261.jpg,Night suits
57323,images/57323.jpg,57323.jpg,Bra
19272,images/19272.jpg,19272.jpg,Watches
25888,images/25888.jpg,25888.jpg,Backpacks
20580,images/20580.jpg,20580.jpg,Mobile Pouch
58261,images/58261.jpg,58261.jpg,Clutches
56088,images/56088.jpg,56088.jpg,Lip Gloss
32685,images/32685.jpg,32685.jpg,Clutches
40063,images/40063.jpg,40063.jpg,Caps
53348,images/53348.jpg,53348.jpg,Boxers
40194,images/40194.jpg,40194.jpg,Kurtis
43634,images/43634.jpg,43634.jpg,Dresses
53128,images/53128.jpg,53128.jpg,Heels
52299,images/52299.jpg,52299.jpg,Boxers
38963,images/38963.jpg,38963.jpg,Rucksacks
48563,images/48563.jpg,48563.jpg,Bracelet
49026,images/49026.jpg,49026.jpg,Ring
55956,images/55956.jpg,55956.jpg,Mascara
57217,images/57217.jpg,57217.jpg,Capris
25078,images/25078.jpg,25078.jpg,Accessory Gift Set
48581,images/48581.jpg,48581.jpg,Bracelet
3473,images/3473.jpg,3473.jpg,Water Bottle
57811,images/57811.jpg,57811.jpg,Jumpsuit
34942,images/34942.jpg,34942.jpg,Dupatta
52316,images/52316.jpg,52316.jpg,Bangle
25786,images/25786.jpg,25786.jpg,Suspenders
13670,images/13670.jpg,13670.jpg,Footballs
45642,images/45642.jpg,45642.jpg,Briefs
1621,images/1621.jpg,1621.jpg,Shorts
37583,images/37583.jpg,37583.jpg,Rompers
2118,images/2118.jpg,2118.jpg,Track Pants
48343,images/48343.jpg,48343.jpg,Necklace and Chains
55321,images/55321.jpg,55321.jpg,Face Moisturisers
44007,images/44007.jpg,44007.jpg,Deodorant
4494,images/4494.jpg,4494.jpg,Sports Shoes
8227,images/8227.jpg,8227.jpg,Messenger Bag
41814,images/41814.jpg,41814.jpg,Bra
34598,images/34598.jpg,34598.jpg,Dresses
46668,images/46668.jpg,46668.jpg,Deodorant
22657,images/22657.jpg,22657.jpg,Duffel Bag
34197,images/34197.jpg,34197.jpg,Tshirts
51951,images/51951.jpg,51951.jpg,Clutches
56529,images/56529.jpg,56529.jpg,Lipstick
49021,images/49021.jpg,49021.jpg,Ring
50906,images/50906.jpg,50906.jpg,Sarees
47065,images/47065.jpg,47065.jpg,Patiala
46208,images/46208.jpg,46208.jpg,Bangle
12537,images/12537.jpg,12537.jpg,Track Pants
23541,images/23541.jpg,23541.jpg,Fragrance Gift Set
18770,images/18770.jpg,18770.jpg,Ties
15877,images/15877.jpg,15877.jpg,Flip Flops
57747,images/57747.jpg,57747.jpg,Foundation and Primer
7101,images/7101.jpg,7101.jpg,Duffel Bag
13624,images/13624.jpg,13624.jpg,Lounge Shorts
28222,images/28222.jpg,28222.jpg,Deodorant
28786,images/28786.jpg,28786.jpg,Shirts
52472,images/52472.jpg,52472.jpg,Bath Robe
57609,images/57609.jpg,57609.jpg,Sunscreen
37524,images/37524.jpg,37524.jpg,Rompers
46203,images/46203.jpg,46203.jpg,Bangle
27321,images/27321.jpg,27321.jpg,Perfume and Body Mist
10655,images/10655.jpg,10655.jpg,Skirts
40122,images/40122.jpg,40122.jpg,Headband
20556,images/20556.jpg,20556.jpg,Mobile Pouch
10056,images/10056.jpg,10056.jpg,Tracksuits
34820,images/34820.jpg,34820.jpg,Sports Sandals
58892,images/58892.jpg,58892.jpg,Ties
34464,images/34464.jpg,34464.jpg,Travel Accessory
55246,images/55246.jpg,55246.jpg,Foundation and Primer
17630,images/17630.jpg,17630.jpg,Messenger Bag
52168,images/52168.jpg,52168.jpg,Ring
17882,images/17882.jpg,17882.jpg,Innerwear Vests
16219,images/16219.jpg,16219.jpg,Sweaters
56140,images/56140.jpg,56140.jpg,Eyeshadow
58158,images/58158.jpg,58158.jpg,Shrug
25597,images/25597.jpg,25597.jpg,Kurta Sets
30900,images/30900.jpg,30900.jpg,Salwar
55016,images/55016.jpg,55016.jpg,Lip Gloss
50675,images/50675.jpg,50675.jpg,Trunk
6130,images/6130.jpg,6130.jpg,Sandals
56615,images/56615.jpg,56615.jpg,Highlighter and Blush
47454,images/47454.jpg,47454.jpg,Flats
40155,images/40155.jpg,40155.jpg,Shorts
48758,images/48758.jpg,48758.jpg,Jewellery Set
14158,images/14158.jpg,14158.jpg,Cufflinks
55234,images/55234.jpg,55234.jpg,Foundation and Primer
34799,images/34799.jpg,34799.jpg,Belts
34550,images/34550.jpg,34550.jpg,Handbags
50294,images/50294.jpg,50294.jpg,Ties
55585,images/55585.jpg,55585.jpg,Highlighter and Blush
18573,images/18573.jpg,18573.jpg,Sweaters
57729,images/57729.jpg,57729.jpg,Lip Care
27493,images/27493.jpg,27493.jpg,Briefs
2357,images/2357.jpg,2357.jpg,Water Bottle
46895,images/46895.jpg,46895.jpg,Jeans
53329,images/53329.jpg,53329.jpg,Boxers
40110,images/40110.jpg,40110.jpg,Tracksuits
48862,images/48862.jpg,48862.jpg,Pendant
12447,images/12447.jpg,12447.jpg,Shoe Accessories
57812,images/57812.jpg,57812.jpg,Jumpsuit
26181,images/26181.jpg,26181.jpg,Flats
1626,images/1626.jpg,1626.jpg,Footballs
5575,images/5575.jpg,5575.jpg,Skirts
8583,images/8583.jpg,8583.jpg,Waistcoat
25854,images/25854.jpg,25854.jpg,Kurtis
34070,images/34070.jpg,34070.jpg,Flats
54090,images/54090.jpg,54090.jpg,Kurtis
53436,images/53436.jpg,53436.jpg,Sports Shoes
59733,images/59733.jpg,59733.jpg,Shapewear
48851,images/48851.jpg,48851.jpg,Pendant
55239,images/55239.jpg,55239.jpg,Foundation and Primer
22232,images/22232.jpg,22232.jpg,Shoe Accessories
4611,images/4611.jpg,4611.jpg,Waist Pouch
52031,images/52031.jpg,52031.jpg,Rain Jacket
48836,images/48836.jpg,48836.jpg,Pendant
57328,images/57328.jpg,57328.jpg,Bra
1915,images/1915.jpg,1915.jpg,Water Bottle
56135,images/56135.jpg,56135.jpg,Eyeshadow
23554,images/23554.jpg,23554.jpg,Perfume and Body Mist
25855,images/25855.jpg,25855.jpg,Kurtis
52469,images/52469.jpg,52469.jpg,Camisoles
57616,images/57616.jpg,57616.jpg,Sunscreen
45301,images/45301.jpg,45301.jpg,Free Gifts
31120,images/31120.jpg,31120.jpg,Tops
39160,images/39160.jpg,39160.jpg,Kurtas
55540,images/55540.jpg,55540.jpg,Eyeshadow
39039,images/39039.jpg,39039.jpg,Cufflinks
58544,images/58544.jpg,58544.jpg,Sunglasses
56096,images/56096.jpg,56096.jpg,Lip Gloss
33273,images/33273.jpg,33273.jpg,Leggings
57733,images/57733.jpg,57733.jpg,Lip Care
37204,images/37204.jpg,37204.jpg,Jumpsuit
4156,images/4156.jpg,4156.jpg,Sports Shoes
30829,images/30829.jpg,30829.jpg,Churidar
40690,images/40690.jpg,40690.jpg,Formal Shoes
1596,images/1596.jpg,1596.jpg,Water Bottle
28811,images/28811.jpg,28811.jpg,Jeans
58213,images/58213.jpg,58213.jpg,Patiala
19353,images/19353.jpg,19353.jpg,Casual Shoes
56144,images/56144.jpg,56144.jpg,Eyeshadow
11123,images/11123.jpg,11123.jpg,Laptop Bag
22409,images/22409.jpg,22409.jpg,Trousers
30735,images/30735.jpg,30735.jpg,Churidar
36747,images/36747.jpg,36747.jpg,Clothing Set
53743,images/53743.jpg,53743.jpg,Track Pants
55090,images/55090.jpg,55090.jpg,Face Moisturisers
29043,images/29043.jpg,29043.jpg,Tracksuits
55429,images/55429.jpg,55429.jpg,Lipstick
55827,images/55827.jpg,55827.jpg,Nightdress
58548,images/58548.jpg,58548.jpg,Ties and Cufflinks
59744,images/59744.jpg,59744.jpg,Nightdress
36263,images/36263.jpg,36263.jpg,Night suits
43070,images/43070.jpg,43070.jpg,Caps
30826,images/30826.jpg,30826.jpg,Churidar
54499,images/54499.jpg,54499.jpg,Handbags
31729,images/31729.jpg,31729.jpg,Blazers
55135,images/55135.jpg,55135.jpg,Nail Polish
54721,images/54721.jpg,54721.jpg,Kurta Sets
36042,images/36042.jpg,36042.jpg,Duffel Bag
23138,images/23138.jpg,23138.jpg,Sweatshirts
27813,images/27813.jpg,27813.jpg,Belts
31894,images/31894.jpg,31894.jpg,Stoles
36139,images/36139.jpg,36139.jpg,Sports Shoes
35027,images/35027.jpg,35027.jpg,Stoles
23608,images/23608.jpg,23608.jpg,Fragrance Gift Set
48704,images/48704.jpg,48704.jpg,Earrings
25172,images/25172.jpg,25172.jpg,Handbags
8426,images/8426.jpg,8426.jpg,Basketballs
42971,images/42971.jpg,42971.jpg,Swimwear
8915,images/8915.jpg,8915.jpg,Shoe Accessories
28218,images/28218.jpg,28218.jpg,Deodorant
50379,images/50379.jpg,50379.jpg,Salwar and Dupatta
46710,images/46710.jpg,46710.jpg,Perfume and Body Mist
11623,images/11623.jpg,11623.jpg,Kurtis
52519,images/52519.jpg,52519.jpg,Baby Dolls
30776,images/30776.jpg,30776.jpg,Kurtis
31887,images/31887.jpg,31887.jpg,Stoles
4008,images/4008.jpg,4008.jpg,Basketballs
3496,images/3496.jpg,3496.jpg,Sports Shoes
8427,images/8427.jpg,8427.jpg,Basketballs
55231,images/55231.jpg,55231.jpg,Foundation and Primer
54870,images/54870.jpg,54870.jpg,Necklace and Chains
55198,images/55198.jpg,55198.jpg,Makeup Remover
33981,images/33981.jpg,33981.jpg,Stockings
56425,images/56425.jpg,56425.jpg,Eyeshadow
59730,images/59730.jpg,59730.jpg,Shapewear
7115,images/7115.jpg,7115.jpg,Duffel Bag
52043,images/52043.jpg,52043.jpg,Rain Jacket
57770,images/57770.jpg,57770.jpg,Mask and Peel
43230,images/43230.jpg,43230.jpg,Key chain
9212,images/9212.jpg,9212.jpg,Sandals
2247,images/2247.jpg,2247.jpg,Swimwear
22306,images/22306.jpg,22306.jpg,Heels
55802,images/55802.jpg,55802.jpg,Night suits
57795,images/57795.jpg,57795.jpg,Face Wash and Cleanser
52474,images/52474.jpg,52474.jpg,Bath Robe
55352,images/55352.jpg,55352.jpg,Nail Essentials
52305,images/52305.jpg,52305.jpg,Necklace and Chains
2590,images/2590.jpg,2590.jpg,Capris
59777,images/59777.jpg,59777.jpg,Bracelet
53092,images/53092.jpg,53092.jpg,Necklace and Chains
56455,images/56455.jpg,56455.jpg,Nail Polish
50656,images/50656.jpg,50656.jpg,Lounge Shorts
52169,images/52169.jpg,52169.jpg,Ring
21425,images/21425.jpg,21425.jpg,Tops
34256,images/34256.jpg,34256.jpg,Tracksuits
56560,images/56560.jpg,56560.jpg,Lip Gloss
57034,images/57034.jpg,57034.jpg,Jumpsuit
24756,images/24756.jpg,24756.jpg,Sweaters
55136,images/55136.jpg,55136.jpg,Nail Polish
56585,images/56585.jpg,56585.jpg,Highlighter and Blush
58018,images/58018.jpg,58018.jpg,Earrings
48580,images/48580.jpg,48580.jpg,Bracelet
57623,images/57623.jpg,57623.jpg,Sunscreen
12145,images/12145.jpg,12145.jpg,Kurtis
59463,images/59463.jpg,59463.jpg,Ring
49744,images/49744.jpg,49744.jpg,Ties
44155,images/44155.jpg,44155.jpg,Fragrance Gift Set
6954,images/6954.jpg,6954.jpg,Tops
55263,images/55263.jpg,55263.jpg,Kajal and Eyeliner
34987,images/34987.jpg,34987.jpg,Sarees
32507,images/32507.jpg,32507.jpg,Sandals
24695,images/24695.jpg,24695.jpg,Sandals
33444,images/33444.jpg,33444.jpg,Handbags
52466,images/52466.jpg,52466.jpg,Camisoles
49033,images/49033.jpg,49033.jpg,Ring
47042,images/47042.jpg,47042.jpg,Salwar
45815,images/45815.jpg,45815.jpg,Heels
9769,images/9769.jpg,9769.jpg,Tracksuits
56178,images/56178.jpg,56178.jpg,Concealer
59571,images/59571.jpg,59571.jpg,Cufflinks
47069,images/47069.jpg,47069.jpg,Patiala
48596,images/48596.jpg,48596.jpg,Earrings
14615,images/14615.jpg,14615.jpg,Socks
55080,images/55080.jpg,55080.jpg,Compact
24869,images/24869.jpg,24869.jpg,Mufflers
48590,images/48590.jpg,48590.jpg,Earrings
59984,images/59984.jpg,59984.jpg,Dresses
48921,images/48921.jpg,48921.jpg,Ring
50484,images/50484.jpg,50484.jpg,Briefs
55334,images/55334.jpg,55334.jpg,Hair Colour
14619,images/14619.jpg,14619.jpg,Stockings
47074,images/47074.jpg,47074.jpg,Patiala
27410,images/27410.jpg,27410.jpg,Lounge Pants
25783,images/25783.jpg,25783.jpg,Suspenders
35796,images/35796.jpg,35796.jpg,Heels
55266,images/55266.jpg,55266.jpg,Kajal and Eyeliner
55519,images/55519.jpg,55519.jpg,Hair Colour
15768,images/15768.jpg,15768.jpg,Briefs
50382,images/50382.jpg,50382.jpg,Salwar and Dupatta
43310,images/43310.jpg,43310.jpg,Shorts
33196,images/33196.jpg,33196.jpg,Tunics
58921,images/58921.jpg,58921.jpg,Accessory Gift Set
55221,images/55221.jpg,55221.jpg,Lip Liner
55351,images/55351.jpg,55351.jpg,Nail Essentials
52021,images/52021.jpg,52021.jpg,Lounge Tshirts
58526,images/58526.jpg,58526.jpg,Rain Jacket
49075,images/49075.jpg,49075.jpg,Nail Polish
3910,images/3910.jpg,3910.jpg,Capris
1555,images/1555.jpg,1555.jpg,Water Bottle
20038,images/20038.jpg,20038.jpg,Stockings
43970,images/43970.jpg,43970.jpg,Perfume and Body Mist
55074,images/55074.jpg,55074.jpg,Kajal and Eyeliner
18440,images/18440.jpg,18440.jpg,Laptop Bag
53702,images/53702.jpg,53702.jpg,Handbags
47583,images/47583.jpg,47583.jpg,Flats
45384,images/45384.jpg,45384.jpg,Flats
29057,images/29057.jpg,29057.jpg,Tracksuits
40427,images/40427.jpg,40427.jpg,Jumpsuit
37575,images/37575.jpg,37575.jpg,Booties
16164,images/16164.jpg,16164.jpg,Sandals
34275,images/34275.jpg,34275.jpg,Dupatta
57875,images/57875.jpg,57875.jpg,Makeup Remover
57608,images/57608.jpg,57608.jpg,Toner
23560,images/23560.jpg,23560.jpg,Deodorant
27845,images/27845.jpg,27845.jpg,Blazers
55337,images/55337.jpg,55337.jpg,Toner
49495,images/49495.jpg,49495.jpg,Casual Shoes
11031,images/11031.jpg,11031.jpg,Tops
22323,images/22323.jpg,22323.jpg,Jackets
8863,images/8863.jpg,8863.jpg,Shirts
43074,images/43074.jpg,43074.jpg,Capris
19926,images/19926.jpg,19926.jpg,Accessory Gift Set
57889,images/57889.jpg,57889.jpg,Face Serum and Gel
12450,images/12450.jpg,12450.jpg,Shoe Accessories
53617,images/53617.jpg,53617.jpg,Free Gifts
23620,images/23620.jpg,23620.jpg,Fragrance Gift Set
12853,images/12853.jpg,12853.jpg,Formal Shoes
4007,images/4007.jpg,4007.jpg,Basketballs
56202,images/56202.jpg,56202.jpg,Pendant
59537,images/59537.jpg,59537.jpg,Earrings
51092,images/51092.jpg,51092.jpg,Free Gifts
36450,images/36450.jpg,36450.jpg,Sports Shoes
56549,images/56549.jpg,56549.jpg,Lip Liner
14598,images/14598.jpg,14598.jpg,Stockings
27385,images/27385.jpg,27385.jpg,Night suits
56097,images/56097.jpg,56097.jpg,Lip Gloss
28250,images/28250.jpg,28250.jpg,Deodorant
43844,images/43844.jpg,43844.jpg,Earrings
57755,images/57755.jpg,57755.jpg,Face Wash and Cleanser
57736,images/57736.jpg,57736.jpg,Lip Care
56566,images/56566.jpg,56566.jpg,Lip Care
1627,images/1627.jpg,1627.jpg,Footballs
23599,images/23599.jpg,23599.jpg,Fragrance Gift Set
43526,images/43526.jpg,43526.jpg,Leggings
16807,images/16807.jpg,16807.jpg,Shirts
45086,images/45086.jpg,45086.jpg,Night suits
56365,images/56365.jpg,56365.jpg,Mens Grooming Kit
30650,images/30650.jpg,30650.jpg,Tshirts
42064,images/42064.jpg,42064.jpg,Trolley Bag
30726,images/30726.jpg,30726.jpg,Lehenga Choli
30287,images/30287.jpg,30287.jpg,Sunglasses
44153,images/44153.jpg,44153.jpg,Fragrance Gift Set
36208,images/36208.jpg,36208.jpg,Jackets
25373,images/25373.jpg,25373.jpg,Innerwear Vests
30557,images/30557.jpg,30557.jpg,Sunglasses
58108,images/58108.jpg,58108.jpg,Earrings
27181,images/27181.jpg,27181.jpg,Trousers
33362,images/33362.jpg,33362.jpg,Wallets
11286,images/11286.jpg,11286.jpg,Jeans
48859,images/48859.jpg,48859.jpg,Pendant
5224,images/5224.jpg,5224.jpg,Messenger Bag
54704,images/54704.jpg,54704.jpg,Kurta Sets
55119,images/55119.jpg,55119.jpg,Beauty Accessory
49246,images/49246.jpg,49246.jpg,Caps
31828,images/31828.jpg,31828.jpg,Free Gifts
56099,images/56099.jpg,56099.jpg,Lip Gloss
59502,images/59502.jpg,59502.jpg,Pendant
27731,images/27731.jpg,27731.jpg,Handbags
46659,images/46659.jpg,46659.jpg,Deodorant
46733,images/46733.jpg,46733.jpg,Capris
57759,images/57759.jpg,57759.jpg,Face Wash and Cleanser
56139,images/56139.jpg,56139.jpg,Eyeshadow
55517,images/55517.jpg,55517.jpg,Hair Colour
56037,images/56037.jpg,56037.jpg,Lipstick
55397,images/55397.jpg,55397.jpg,Mascara
56544,images/56544.jpg,56544.jpg,Mascara
49104,images/49104.jpg,49104.jpg,Lip Plumper
49972,images/49972.jpg,49972.jpg,Innerwear Vests
8494,images/8494.jpg,8494.jpg,Skirts
26675,images/26675.jpg,26675.jpg,Flip Flops
57687,images/57687.jpg,57687.jpg,Body Lotion
31733,images/31733.jpg,31733.jpg,Blazers
53555,images/53555.jpg,53555.jpg,Boxers
25137,images/25137.jpg,25137.jpg,Clutches
14889,images/14889.jpg,14889.jpg,Travel Accessory
25763,images/25763.jpg,25763.jpg,Suspenders
39517,images/39517.jpg,39517.jpg,Laptop Bag
56170,images/56170.jpg,56170.jpg,Kajal and Eyeliner
41254,images/41254.jpg,41254.jpg,Belts
36285,images/36285.jpg,36285.jpg,Night suits
32072,images/32072.jpg,32072.jpg,Lounge Shorts
50428,images/50428.jpg,50428.jpg,Messenger Bag
30923,images/30923.jpg,30923.jpg,Skirts
46126,images/46126.jpg,46126.jpg,Necklace and Chains
24769,images/24769.jpg,24769.jpg,Flip Flops
57887,images/57887.jpg,57887.jpg,Mask and Peel
57591,images/57591.jpg,57591.jpg,Lipstick
15082,images/15082.jpg,15082.jpg,Kurtis
52443,images/52443.jpg,52443.jpg,Nightdress
1638,images/1638.jpg,1638.jpg,Swimwear
50936,images/50936.jpg,50936.jpg,Innerwear Vests
24291,images/24291.jpg,24291.jpg,Sweatshirts
56076,images/56076.jpg,56076.jpg,Lip Liner
25401,images/25401.jpg,25401.jpg,Mufflers
6838,images/6838.jpg,6838.jpg,Shoe Accessories
26321,images/26321.jpg,26321.jpg,Tracksuits
51976,images/51976.jpg,51976.jpg,Lounge Pants
42611,images/42611.jpg,42611.jpg,Jewellery Set
5225,images/5225.jpg,5225.jpg,Waist Pouch
11175,images/11175.jpg,11175.jpg,Sweaters
41908,images/41908.jpg,41908.jpg,Fragrance Gift Set
42409,images/42409.jpg,42409.jpg,Briefs
57683,images/57683.jpg,57683.jpg,Body Lotion
8483,images/8483.jpg,8483.jpg,Dresses
4601,images/4601.jpg,4601.jpg,Rucksacks
30827,images/30827.jpg,30827.jpg,Churidar
5260,images/5260.jpg,5260.jpg,Messenger Bag
54558,images/54558.jpg,54558.jpg,Tunics
55192,images/55192.jpg,55192.jpg,Nail Polish
57818,images/57818.jpg,57818.jpg,Tops
59973,images/59973.jpg,59973.jpg,Dresses
58220,images/58220.jpg,58220.jpg,Patiala
19236,images/19236.jpg,19236.jpg,Scarves
26323,images/26323.jpg,26323.jpg,Tracksuits
6834,images/6834.jpg,6834.jpg,Shoe Accessories
43154,images/43154.jpg,43154.jpg,Watches
25779,images/25779.jpg,25779.jpg,Suspenders
22738,images/22738.jpg,22738.jpg,Backpacks
53085,images/53085.jpg,53085.jpg,Necklace and Chains
50650,images/50650.jpg,50650.jpg,Lounge Pants
39043,images/39043.jpg,39043.jpg,Cufflinks
3474,images/3474.jpg,3474.jpg,Backpacks
48493,images/48493.jpg,48493.jpg,Skirts
56571,images/56571.jpg,56571.jpg,Foundation and Primer
30730,images/30730.jpg,30730.jpg,Salwar
9912,images/9912.jpg,9912.jpg,Duffel Bag
43559,images/43559.jpg,43559.jpg,Socks
58216,images/58216.jpg,58216.jpg,Patiala
19327,images/19327.jpg,19327.jpg,Sweatshirts
18353,images/18353.jpg,18353.jpg,Socks
59942,images/59942.jpg,59942.jpg,Casual Shoes
19129,images/19129.jpg,19129.jpg,Flip Flops
57874,images/57874.jpg,57874.jpg,Body Lotion
17642,images/17642.jpg,17642.jpg,Headband
55394,images/55394.jpg,55394.jpg,Makeup Remover
55477,images/55477.jpg,55477.jpg,Lip Liner
46029,images/46029.jpg,46029.jpg,Pendant
56546,images/56546.jpg,56546.jpg,Makeup Remover
19441,images/19441.jpg,19441.jpg,Gloves
52366,images/52366.jpg,52366.jpg,Nightdress
16073,images/16073.jpg,16073.jpg,Laptop Bag
55230,images/55230.jpg,55230.jpg,Foundation and Primer
15795,images/15795.jpg,15795.jpg,Briefs
30822,images/30822.jpg,30822.jpg,Churidar
38154,images/38154.jpg,38154.jpg,Jackets
28114,images/28114.jpg,28114.jpg,Trunk
36752,images/36752.jpg,36752.jpg,Clothing Set
24870,images/24870.jpg,24870.jpg,Mufflers
57749,images/57749.jpg,57749.jpg,Foundation and Primer
46934,images/46934.jpg,46934.jpg,Perfume and Body Mist
52801,images/52801.jpg,52801.jpg,Wallets
17668,images/17668.jpg,17668.jpg,Flats
32523,images/32523.jpg,32523.jpg,Fragrance Gift Set
37562,images/37562.jpg,37562.jpg,Rompers
57774,images/57774.jpg,57774.jpg,Mask and Peel
58325,images/58325.jpg,58325.jpg,Flip Flops
48933,images/48933.jpg,48933.jpg,Ring
44253,images/44253.jpg,44253.jpg,Wallets
31889,images/31889.jpg,31889.jpg,Stoles
47073,images/47073.jpg,47073.jpg,Patiala
8449,images/8449.jpg,8449.jpg,Tops
43679,images/43679.jpg,43679.jpg,Jumpsuit
53101,images/53101.jpg,53101.jpg,Earrings
36941,images/36941.jpg,36941.jpg,Watches
56225,images/56225.jpg,56225.jpg,Night suits
56499,images/56499.jpg,56499.jpg,Nail Polish
16937,images/16937.jpg,16937.jpg,Free Gifts
25050,images/25050.jpg,25050.jpg,Accessory Gift Set
14934,images/14934.jpg,14934.jpg,Shorts
54621,images/54621.jpg,54621.jpg,Watches
18572,images/18572.jpg,18572.jpg,Sweaters
26862,images/26862.jpg,26862.jpg,Waistcoat
52434,images/52434.jpg,52434.jpg,Nightdress
29084,images/29084.jpg,29084.jpg,Wallets
31888,images/31888.jpg,31888.jpg,Stoles
57065,images/57065.jpg,57065.jpg,Tops
14595,images/14595.jpg,14595.jpg,Stockings
56542,images/56542.jpg,56542.jpg,Mascara
1558,images/1558.jpg,1558.jpg,Water Bottle
57754,images/57754.jpg,57754.jpg,Face Wash and Cleanser
50386,images/50386.jpg,50386.jpg,Salwar and Dupatta
35035,images/35035.jpg,35035.jpg,Churidar
59851,images/59851.jpg,59851.jpg,Face Serum and Gel
9946,images/9946.jpg,9946.jpg,Sweaters
10804,images/10804.jpg,10804.jpg,Flip Flops
39121,images/39121.jpg,39121.jpg,Leggings
59731,images/59731.jpg,59731.jpg,Shapewear
12745,images/12745.jpg,12745.jpg,Messenger Bag
39720,images/39720.jpg,39720.jpg,Jumpsuit
15928,images/15928.jpg,15928.jpg,Travel Accessory
33777,images/33777.jpg,33777.jpg,Socks
44791,images/44791.jpg,44791.jpg,Boxers
57803,images/57803.jpg,57803.jpg,Highlighter and Blush
55533,images/55533.jpg,55533.jpg,Face Wash and Cleanser
57766,images/57766.jpg,57766.jpg,Face Scrub and Exfoliator
57782,images/57782.jpg,57782.jpg,Face Moisturisers
21691,images/21691.jpg,21691.jpg,Watches
48992,images/48992.jpg,48992.jpg,Ring
33508,images/33508.jpg,33508.jpg,Skirts
12781,images/12781.jpg,12781.jpg,Kurta Sets
55326,images/55326.jpg,55326.jpg,Hair Colour
40641,images/40641.jpg,40641.jpg,Kurtas
52354,images/52354.jpg,52354.jpg,Nightdress
49102,images/49102.jpg,49102.jpg,Lip Plumper
23106,images/23106.jpg,23106.jpg,Accessory Gift Set
54699,images/54699.jpg,54699.jpg,Kurtas
17951,images/17951.jpg,17951.jpg,Caps
57786,images/57786.jpg,57786.jpg,Compact
18002,images/18002.jpg,18002.jpg,Capris
50466,images/50466.jpg,50466.jpg,Trunk
22553,images/22553.jpg,22553.jpg,Deodorant
22233,images/22233.jpg,22233.jpg,Shoe Accessories
50034,images/50034.jpg,50034.jpg,Lounge Pants
1528,images/1528.jpg,1528.jpg,Jackets
34148,images/34148.jpg,34148.jpg,Skirts
17375,images/17375.jpg,17375.jpg,Accessory Gift Set
57798,images/57798.jpg,57798.jpg,Face Wash and Cleanser
58858,images/58858.jpg,58858.jpg,Cufflinks
57691,images/57691.jpg,57691.jpg,Face Moisturisers
57121,images/57121.jpg,57121.jpg,Tops
6546,images/6546.jpg,6546.jpg,Backpacks
35217,images/35217.jpg,35217.jpg,Duffel Bag
52379,images/52379.jpg,52379.jpg,Nightdress
18176,images/18176.jpg,18176.jpg,Sweatshirts
55289,images/55289.jpg,55289.jpg,Highlighter and Blush
52029,images/52029.jpg,52029.jpg,Rain Jacket
56086,images/56086.jpg,56086.jpg,Lip Gloss
47052,images/47052.jpg,47052.jpg,Salwar
57615,images/57615.jpg,57615.jpg,Sunscreen
26807,images/26807.jpg,26807.jpg,Trousers
52345,images/52345.jpg,52345.jpg,Nightdress
56583,images/56583.jpg,56583.jpg,Highlighter and Blush
33228,images/33228.jpg,33228.jpg,Laptop Bag
18679,images/18679.jpg,18679.jpg,Trunk
56187,images/56187.jpg,56187.jpg,Compact
52499,images/52499.jpg,52499.jpg,Baby Dolls
46057,images/46057.jpg,46057.jpg,Bracelet
23212,images/23212.jpg,23212.jpg,Kurtis
55622,images/55622.jpg,55622.jpg,Formal Shoes
27846,images/27846.jpg,27846.jpg,Blazers
42980,images/42980.jpg,42980.jpg,Boxers
43652,images/43652.jpg,43652.jpg,Dresses
29862,images/29862.jpg,29862.jpg,Sunglasses
51331,images/51331.jpg,51331.jpg,Rain Jacket
18541,images/18541.jpg,18541.jpg,Flats
17367,images/17367.jpg,17367.jpg,Accessory Gift Set
49307,images/49307.jpg,49307.jpg,Socks
46468,images/46468.jpg,46468.jpg,Watches
47054,images/47054.jpg,47054.jpg,Salwar
21379,images/21379.jpg,21379.jpg,Track Pants
1580,images/1580.jpg,1580.jpg,Swimwear
11140,images/11140.jpg,11140.jpg,Scarves
57675,images/57675.jpg,57675.jpg,Face Moisturisers
48122,images/48122.jpg,48122.jpg,Belts
32545,images/32545.jpg,32545.jpg,Perfume and Body Mist
24442,images/24442.jpg,24442.jpg,Innerwear Vests
6697,images/6697.jpg,6697.jpg,Socks
29895,images/29895.jpg,29895.jpg,Sunglasses
42004,images/42004.jpg,42004.jpg,Capris
57791,images/57791.jpg,57791.jpg,Compact
36056,images/36056.jpg,36056.jpg,Messenger Bag
48888,images/48888.jpg,48888.jpg,Pendant
49148,images/49148.jpg,49148.jpg,Lip Liner
56249,images/56249.jpg,56249.jpg,Night suits
24204,images/24204.jpg,24204.jpg,Jeans
59877,images/59877.jpg,59877.jpg,Stockings
14635,images/14635.jpg,14635.jpg,Mufflers
18903,images/18903.jpg,18903.jpg,Gloves
57994,images/57994.jpg,57994.jpg,Dresses
52182,images/52182.jpg,52182.jpg,Earrings
57732,images/57732.jpg,57732.jpg,Lip Care
8113,images/8113.jpg,8113.jpg,Belts
8580,images/8580.jpg,8580.jpg,Waistcoat
35025,images/35025.jpg,35025.jpg,Stoles
40740,images/40740.jpg,40740.jpg,Flip Flops
52523,images/52523.jpg,52523.jpg,Jeans
44572,images/44572.jpg,44572.jpg,Sports Sandals
39922,images/39922.jpg,39922.jpg,Laptop Bag
49732,images/49732.jpg,49732.jpg,Ties
37584,images/37584.jpg,37584.jpg,Rompers
56575,images/56575.jpg,56575.jpg,Foundation and Primer
57886,images/57886.jpg,57886.jpg,Mask and Peel
49539,images/49539.jpg,49539.jpg,Clutches
25963,images/25963.jpg,25963.jpg,Tunics
25080,images/25080.jpg,25080.jpg,Accessory Gift Set
44550,images/44550.jpg,44550.jpg,Sandals
48490,images/48490.jpg,48490.jpg,Tops
51798,images/51798.jpg,51798.jpg,Nightdress
3465,images/3465.jpg,3465.jpg,Swimwear
33204,images/33204.jpg,33204.jpg,Tunics
35799,images/35799.jpg,35799.jpg,Flats
50029,images/50029.jpg,50029.jpg,Innerwear Vests
37576,images/37576.jpg,37576.jpg,Booties
30896,images/30896.jpg,30896.jpg,Salwar
49757,images/49757.jpg,49757.jpg,Leggings
21724,images/21724.jpg,21724.jpg,Heels
18944,images/18944.jpg,18944.jpg,Socks
57689,images/57689.jpg,57689.jpg,Face Moisturisers
55008,images/55008.jpg,55008.jpg,Lip Gloss
17533,images/17533.jpg,17533.jpg,Hat
53557,images/53557.jpg,53557.jpg,Boxers
57880,images/57880.jpg,57880.jpg,Face Scrub and Exfoliator
57264,images/57264.jpg,57264.jpg,Free Gifts
41909,images/41909.jpg,41909.jpg,Fragrance Gift Set
14632,images/14632.jpg,14632.jpg,Mufflers
47067,images/47067.jpg,47067.jpg,Patiala
25049,images/25049.jpg,25049.jpg,Accessory Gift Set
14602,images/14602.jpg,14602.jpg,Socks
52177,images/52177.jpg,52177.jpg,Ring
52475,images/52475.jpg,52475.jpg,Bath Robe
25924,images/25924.jpg,25924.jpg,Tshirts
15337,images/15337.jpg,15337.jpg,Tracksuits
57867,images/57867.jpg,57867.jpg,Sunscreen
7389,images/7389.jpg,7389.jpg,Formal Shoes
59732,images/59732.jpg,59732.jpg,Shapewear
59105,images/59105.jpg,59105.jpg,Rain Jacket
39875,images/39875.jpg,39875.jpg,Messenger Bag
49240,images/49240.jpg,49240.jpg,Caps
56617,images/56617.jpg,56617.jpg,Highlighter and Blush
5226,images/5226.jpg,5226.jpg,Waist Pouch
49793,images/49793.jpg,49793.jpg,Caps
55528,images/55528.jpg,55528.jpg,Highlighter and Blush
55338,images/55338.jpg,55338.jpg,Perfume and Body Mist
56046,images/56046.jpg,56046.jpg,Lipstick
17931,images/17931.jpg,17931.jpg,Tights
51761,images/51761.jpg,51761.jpg,Heels
55832,images/55832.jpg,55832.jpg,Nightdress
3577,images/3577.jpg,3577.jpg,Sandals
54148,images/54148.jpg,54148.jpg,Necklace and Chains
31182,images/31182.jpg,31182.jpg,Accessory Gift Set
39140,images/39140.jpg,39140.jpg,Kurta Sets
3015,images/3015.jpg,3015.jpg,Tshirts
7737,images/7737.jpg,7737.jpg,Caps
16230,images/16230.jpg,16230.jpg,Tracksuits
16056,images/16056.jpg,16056.jpg,Trousers
40071,images/40071.jpg,40071.jpg,Tights
35940,images/35940.jpg,35940.jpg,Capris
49946,images/49946.jpg,49946.jpg,Lounge Shorts
44375,images/44375.jpg,44375.jpg,Waistcoat
16016,images/16016.jpg,16016.jpg,Scarves
59726,images/59726.jpg,59726.jpg,Bra
19442,images/19442.jpg,19442.jpg,Gloves
20618,images/20618.jpg,20618.jpg,Mobile Pouch
14940,images/14940.jpg,14940.jpg,Shorts
25766,images/25766.jpg,25766.jpg,Suspenders
57772,images/57772.jpg,57772.jpg,Mask and Peel
11212,images/11212.jpg,11212.jpg,Free Gifts
27315,images/27315.jpg,27315.jpg,Fragrance Gift Set
59661,images/59661.jpg,59661.jpg,Sarees
38663,images/38663.jpg,38663.jpg,Sports Shoes
39927,images/39927.jpg,39927.jpg,Tablet Sleeve
58167,images/58167.jpg,58167.jpg,Clutches
36282,images/36282.jpg,36282.jpg,Night suits
13515,images/13515.jpg,13515.jpg,Skirts
8246,images/8246.jpg,8246.jpg,Messenger Bag
55474,images/55474.jpg,55474.jpg,Lip Liner
52518,images/52518.jpg,52518.jpg,Baby Dolls
56157,images/56157.jpg,56157.jpg,Kajal and Eyeliner
45766,images/45766.jpg,45766.jpg,Deodorant
16192,images/16192.jpg,16192.jpg,Sweaters
37519,images/37519.jpg,37519.jpg,Gloves
8616,images/8616.jpg,8616.jpg,Sunglasses
56593,images/56593.jpg,56593.jpg,Eyeshadow
6455,images/6455.jpg,6455.jpg,Flip Flops
58522,images/58522.jpg,58522.jpg,Travel Accessory
3464,images/3464.jpg,3464.jpg,Swimwear
30832,images/30832.jpg,30832.jpg,Churidar
27496,images/27496.jpg,27496.jpg,Camisoles
55359,images/55359.jpg,55359.jpg,Nail Polish
14833,images/14833.jpg,14833.jpg,Belts
16011,images/16011.jpg,16011.jpg,Scarves
2355,images/2355.jpg,2355.jpg,Footballs
52501,images/52501.jpg,52501.jpg,Baby Dolls
34938,images/34938.jpg,34938.jpg,Dupatta
49700,images/49700.jpg,49700.jpg,Ties
27409,images/27409.jpg,27409.jpg,Lounge Shorts
15762,images/15762.jpg,15762.jpg,Innerwear Vests
56581,images/56581.jpg,56581.jpg,Highlighter and Blush
59585,images/59585.jpg,59585.jpg,Cufflinks
9650,images/9650.jpg,9650.jpg,Shirts
48925,images/48925.jpg,48925.jpg,Ring
55514,images/55514.jpg,55514.jpg,Hair Colour
39514,images/39514.jpg,39514.jpg,Laptop Bag
52027,images/52027.jpg,52027.jpg,Rain Jacket
15480,images/15480.jpg,15480.jpg,Track Pants
15344,images/15344.jpg,15344.jpg,Tracksuits
57728,images/57728.jpg,57728.jpg,Lip Care
29735,images/29735.jpg,29735.jpg,Handbags
7518,images/7518.jpg,7518.jpg,Duffel Bag
37585,images/37585.jpg,37585.jpg,Rompers
25906,images/25906.jpg,25906.jpg,Leggings
43716,images/43716.jpg,43716.jpg,Bangle
51590,images/51590.jpg,51590.jpg,Jeggings
49118,images/49118.jpg,49118.jpg,Lipstick
36057,images/36057.jpg,36057.jpg,Messenger Bag
56592,images/56592.jpg,56592.jpg,Eyeshadow
56241,images/56241.jpg,56241.jpg,Night suits
37555,images/37555.jpg,37555.jpg,Gloves
55093,images/55093.jpg,55093.jpg,Face Moisturisers
57148,images/57148.jpg,57148.jpg,Camisoles
49161,images/49161.jpg,49161.jpg,Foundation and Primer
31953,images/31953.jpg,31953.jpg,Sports Shoes
43727,images/43727.jpg,43727.jpg,Bangle
39134,images/39134.jpg,39134.jpg,Kurta Sets
34288,images/34288.jpg,34288.jpg,Dupatta
30180,images/30180.jpg,30180.jpg,Duffel Bag
59858,images/59858.jpg,59858.jpg,Face Moisturisers
20348,images/20348.jpg,20348.jpg,Tunics
13915,images/13915.jpg,13915.jpg,Sports Shoes
34264,images/34264.jpg,34264.jpg,Dupatta
43643,images/43643.jpg,43643.jpg,Dresses
31085,images/31085.jpg,31085.jpg,Stoles
43615,images/43615.jpg,43615.jpg,Tunics
42610,images/42610.jpg,42610.jpg,Jewellery Set
52809,images/52809.jpg,52809.jpg,Wallets
53001,images/53001.jpg,53001.jpg,Sarees
56070,images/56070.jpg,56070.jpg,Lip Liner
12773,images/12773.jpg,12773.jpg,Tunics
57630,images/57630.jpg,57630.jpg,Face Moisturisers
34113,images/34113.jpg,34113.jpg,Dresses
56622,images/56622.jpg,56622.jpg,Face Moisturisers
25788,images/25788.jpg,25788.jpg,Suspenders
28042,images/28042.jpg,28042.jpg,Briefs
36745,images/36745.jpg,36745.jpg,Clothing Set
25959,images/25959.jpg,25959.jpg,Scarves
37930,images/37930.jpg,37930.jpg,Skirts
16334,images/16334.jpg,16334.jpg,Shirts
1582,images/1582.jpg,1582.jpg,Swimwear
42618,images/42618.jpg,42618.jpg,Jewellery Set
20844,images/20844.jpg,20844.jpg,Mufflers
56129,images/56129.jpg,56129.jpg,Concealer
52026,images/52026.jpg,52026.jpg,Rain Jacket
47660,images/47660.jpg,47660.jpg,Tunics
36748,images/36748.jpg,36748.jpg,Clothing Set
25128,images/25128.jpg,25128.jpg,Clutches
30727,images/30727.jpg,30727.jpg,Salwar
50218,images/50218.jpg,50218.jpg,Belts
7124,images/7124.jpg,7124.jpg,Travel Accessory
35173,images/35173.jpg,35173.jpg,Duffel Bag
34300,images/34300.jpg,34300.jpg,Dupatta
20579,images/20579.jpg,20579.jpg,Mobile Pouch
37895,images/37895.jpg,37895.jpg,Tights
26809,images/26809.jpg,26809.jpg,Trousers
56173,images/56173.jpg,56173.jpg,Kajal and Eyeliner
28564,images/28564.jpg,28564.jpg,Tshirts
43671,images/43671.jpg,43671.jpg,Waistcoat
4009,images/4009.jpg,4009.jpg,Basketballs
17361,images/17361.jpg,17361.jpg,Accessory Gift Set
52797,images/52797.jpg,52797.jpg,Wallets
47423,images/47423.jpg,47423.jpg,Handbags
28015,images/28015.jpg,28015.jpg,Trunk
52307,images/52307.jpg,52307.jpg,Necklace and Chains
52045,images/52045.jpg,52045.jpg,Rain Jacket
53149,images/53149.jpg,53149.jpg,Heels
51330,images/51330.jpg,51330.jpg,Travel Accessory
32192,images/32192.jpg,32192.jpg,Flip Flops
55583,images/55583.jpg,55583.jpg,Face Wash and Cleanser
37527,images/37527.jpg,37527.jpg,Rompers
47077,images/47077.jpg,47077.jpg,Patiala
25946,images/25946.jpg,25946.jpg,Scarves
57893,images/57893.jpg,57893.jpg,Leggings
51060,images/51060.jpg,51060.jpg,Nightdress
38689,images/38689.jpg,38689.jpg,Clutches
48766,images/48766.jpg,48766.jpg,Jewellery Set
23589,images/23589.jpg,23589.jpg,Fragrance Gift Set
27295,images/27295.jpg,27295.jpg,Kurtas
55202,images/55202.jpg,55202.jpg,Lip Care
37528,images/37528.jpg,37528.jpg,Rompers
28004,images/28004.jpg,28004.jpg,Trunk
57734,images/57734.jpg,57734.jpg,Lip Care
43674,images/43674.jpg,43674.jpg,Jumpsuit
51978,images/51978.jpg,51978.jpg,Lounge Pants
57700,images/57700.jpg,57700.jpg,Face Moisturisers
51486,images/51486.jpg,51486.jpg,Trousers
44566,images/44566.jpg,44566.jpg,Sandals
17781,images/17781.jpg,17781.jpg,Ties
15787,images/15787.jpg,15787.jpg,Briefs
59769,images/59769.jpg,59769.jpg,Jewellery Set
6172,images/6172.jpg,6172.jpg,Tshirts
56984,images/56984.jpg,56984.jpg,Flats
34253,images/34253.jpg,34253.jpg,Track Pants
20300,images/20300.jpg,20300.jpg,Sweaters
10571,images/10571.jpg,10571.jpg,Tshirts
17069,images/17069.jpg,17069.jpg,Belts
52473,images/52473.jpg,52473.jpg,Bath Robe
37972,images/37972.jpg,37972.jpg,Flats
57706,images/57706.jpg,57706.jpg,Mascara
15463,images/15463.jpg,15463.jpg,Tracksuits
45786,images/45786.jpg,45786.jpg,Flats
55550,images/55550.jpg,55550.jpg,Kajal and Eyeliner
23442,images/23442.jpg,23442.jpg,Tunics
30725,images/30725.jpg,30725.jpg,Lehenga Choli
28951,images/28951.jpg,28951.jpg,Kurtis
31822,images/31822.jpg,31822.jpg,Watches
50383,images/50383.jpg,50383.jpg,Salwar and Dupatta
57859,images/57859.jpg,57859.jpg,Toner
15349,images/15349.jpg,15349.jpg,Free Gifts
41669,images/41669.jpg,41669.jpg,Heels
50384,images/50384.jpg,50384.jpg,Salwar and Dupatta
54069,images/54069.jpg,54069.jpg,Flip Flops
17359,images/17359.jpg,17359.jpg,Accessory Gift Set
39122,images/39122.jpg,39122.jpg,Leggings
8765,images/8765.jpg,8765.jpg,Sports Sandals
41314,images/41314.jpg,41314.jpg,Leggings
25869,images/25869.jpg,25869.jpg,Backpacks
4760,images/4760.jpg,4760.jpg,Tshirts
8582,images/8582.jpg,8582.jpg,Waistcoat
58846,images/58846.jpg,58846.jpg,Cufflinks
23330,images/23330.jpg,23330.jpg,Tunics
50873,images/50873.jpg,50873.jpg,Sarees
36658,images/36658.jpg,36658.jpg,Duffel Bag
35130,images/35130.jpg,35130.jpg,Bangle
55268,images/55268.jpg,55268.jpg,Kajal and Eyeliner
55398,images/55398.jpg,55398.jpg,Mascara
32569,images/32569.jpg,32569.jpg,Tops
23672,images/23672.jpg,23672.jpg,Flip Flops
41907,images/41907.jpg,41907.jpg,Fragrance Gift Set
50289,images/50289.jpg,50289.jpg,Ties
40826,images/40826.jpg,40826.jpg,Cushion Covers
49708,images/49708.jpg,49708.jpg,Ties
58976,images/58976.jpg,58976.jpg,Deodorant
57935,images/57935.jpg,57935.jpg,Sandals
59900,images/59900.jpg,59900.jpg,Scarves
27425,images/27425.jpg,27425.jpg,Lounge Shorts
54406,images/54406.jpg,54406.jpg,Handbags
59756,images/59756.jpg,59756.jpg,Shapewear
51598,images/51598.jpg,51598.jpg,Jeggings
39944,images/39944.jpg,39944.jpg,Casual Shoes
15767,images/15767.jpg,15767.jpg,Innerwear Vests
22315,images/22315.jpg,22315.jpg,Jackets
55513,images/55513.jpg,55513.jpg,Hair Colour
58857,images/58857.jpg,58857.jpg,Cufflinks
48734,images/48734.jpg,48734.jpg,Bangle
7695,images/7695.jpg,7695.jpg,Track Pants
5256,images/5256.jpg,5256.jpg,Rucksacks
53049,images/53049.jpg,53049.jpg,Sarees
9173,images/9173.jpg,9173.jpg,Jeans
59104,images/59104.jpg,59104.jpg,Rain Jacket
25860,images/25860.jpg,25860.jpg,Laptop Bag
26355,images/26355.jpg,26355.jpg,Dresses
4654,images/4654.jpg,4654.jpg,Sports Sandals
55998,images/55998.jpg,55998.jpg,Lipstick
31983,images/31983.jpg,31983.jpg,Laptop Bag
52489,images/52489.jpg,52489.jpg,Camisoles
42969,images/42969.jpg,42969.jpg,Swimwear
52478,images/52478.jpg,52478.jpg,Baby Dolls
38742,images/38742.jpg,38742.jpg,Waist Pouch
42856,images/42856.jpg,42856.jpg,Clutches
22053,images/22053.jpg,22053.jpg,Kurtas
50004,images/50004.jpg,50004.jpg,Bra
18469,images/18469.jpg,18469.jpg,Perfume and Body Mist
39472,images/39472.jpg,39472.jpg,Kurtis
14876,images/14876.jpg,14876.jpg,Stockings
28149,images/28149.jpg,28149.jpg,Innerwear Vests
55149,images/55149.jpg,55149.jpg,Nail Polish
37538,images/37538.jpg,37538.jpg,Booties
55516,images/55516.jpg,55516.jpg,Hair Colour
49926,images/49926.jpg,49926.jpg,Sarees
16161,images/16161.jpg,16161.jpg,Formal Shoes
31060,images/31060.jpg,31060.jpg,Dupatta
17382,images/17382.jpg,17382.jpg,Mufflers
11530,images/11530.jpg,11530.jpg,Sweatshirts
26371,images/26371.jpg,26371.jpg,Shrug
55798,images/55798.jpg,55798.jpg,Nightdress
57696,images/57696.jpg,57696.jpg,Face Moisturisers
36753,images/36753.jpg,36753.jpg,Clothing Set
58523,images/58523.jpg,58523.jpg,Travel Accessory
1552,images/1552.jpg,1552.jpg,Footballs
52510,images/52510.jpg,52510.jpg,Bath Robe
31454,images/31454.jpg,31454.jpg,Skirts
9142,images/9142.jpg,9142.jpg,Jeans
33828,images/33828.jpg,33828.jpg,Sports Shoes
55577,images/55577.jpg,55577.jpg,Compact
10301,images/10301.jpg,10301.jpg,Casual Shoes
46746,images/46746.jpg,46746.jpg,Track Pants
57467,images/57467.jpg,57467.jpg,Casual Shoes
28234,images/28234.jpg,28234.jpg,Deodorant
55572,images/55572.jpg,55572.jpg,Concealer
55109,images/55109.jpg,55109.jpg,Beauty Accessory
27470,images/27470.jpg,27470.jpg,Camisoles
28779,images/28779.jpg,28779.jpg,Kurtis
47043,images/47043.jpg,47043.jpg,Salwar
56019,images/56019.jpg,56019.jpg,Lipstick
50148,images/50148.jpg,50148.jpg,Heels
4012,images/4012.jpg,4012.jpg,Basketballs
32262,images/32262.jpg,32262.jpg,Tunics
33471,images/33471.jpg,33471.jpg,Belts
30565,images/30565.jpg,30565.jpg,Sunglasses
18355,images/18355.jpg,18355.jpg,Socks
34465,images/34465.jpg,34465.jpg,Backpacks
23139,images/23139.jpg,23139.jpg,Sweatshirts
57788,images/57788.jpg,57788.jpg,Compact
51045,images/51045.jpg,51045.jpg,Baby Dolls
51701,images/51701.jpg,51701.jpg,Sunglasses
35118,images/35118.jpg,35118.jpg,Necklace and Chains
51319,images/51319.jpg,51319.jpg,Rain Jacket
42934,images/42934.jpg,42934.jpg,Backpacks
57971,images/57971.jpg,57971.jpg,Sarees
14864,images/14864.jpg,14864.jpg,Bracelet
55110,images/55110.jpg,55110.jpg,Compact
55893,images/55893.jpg,55893.jpg,Nail Polish
52490,images/52490.jpg,52490.jpg,Camisoles
6864,images/6864.jpg,6864.jpg,Skirts
55211,images/55211.jpg,55211.jpg,Lipstick
39138,images/39138.jpg,39138.jpg,Kurta Sets
55274,images/55274.jpg,55274.jpg,Concealer
42621,images/42621.jpg,42621.jpg,Earrings
35037,images/35037.jpg,35037.jpg,Churidar
57356,images/57356.jpg,57356.jpg,Bra
58624,images/58624.jpg,58624.jpg,Bracelet
43788,images/43788.jpg,43788.jpg,Earrings
55071,images/55071.jpg,55071.jpg,Mascara
22647,images/22647.jpg,22647.jpg,Duffel Bag
22682,images/22682.jpg,22682.jpg,Backpacks
58629,images/58629.jpg,58629.jpg,Bangle
35895,images/35895.jpg,35895.jpg,Clothing Set
51044,images/51044.jpg,51044.jpg,Baby Dolls
58944,images/58944.jpg,58944.jpg,Perfume and Body Mist
49838,images/49838.jpg,49838.jpg,Flip Flops
30894,images/30894.jpg,30894.jpg,Patiala
17371,images/17371.jpg,17371.jpg,Accessory Gift Set
16995,images/16995.jpg,16995.jpg,Sports Sandals
39057,images/39057.jpg,39057.jpg,Cufflinks
52228,images/52228.jpg,52228.jpg,Pendant
23882,images/23882.jpg,23882.jpg,Sports Shoes
18312,images/18312.jpg,18312.jpg,Sweaters
12848,images/12848.jpg,12848.jpg,Skirts
25402,images/25402.jpg,25402.jpg,Mufflers
56608,images/56608.jpg,56608.jpg,Compact
47066,images/47066.jpg,47066.jpg,Patiala
49544,images/49544.jpg,49544.jpg,Handbags
2354,images/2354.jpg,2354.jpg,Basketballs
5223,images/5223.jpg,5223.jpg,Waist Pouch
22214,images/22214.jpg,22214.jpg,Shoe Accessories
52504,images/52504.jpg,52504.jpg,Bath Robe
34471,images/34471.jpg,34471.jpg,Sports Sandals
30150,images/30150.jpg,30150.jpg,Belts
48522,images/48522.jpg,48522.jpg,Jumpsuit
58456,images/58456.jpg,58456.jpg,Watches
31732,images/31732.jpg,31732.jpg,Blazers
4013,images/4013.jpg,4013.jpg,Basketballs
55291,images/55291.jpg,55291.jpg,Lip Gloss
45102,images/45102.jpg,45102.jpg,Shapewear
57628,images/57628.jpg,57628.jpg,Sunscreen
53464,images/53464.jpg,53464.jpg,Bra
49727,images/49727.jpg,49727.jpg,Ties
57660,images/57660.jpg,57660.jpg,Nail Polish
2632,images/2632.jpg,2632.jpg,Flats
13706,images/13706.jpg,13706.jpg,Waistcoat
47051,images/47051.jpg,47051.jpg,Salwar
50577,images/50577.jpg,50577.jpg,Trunk
56257,images/56257.jpg,56257.jpg,Night suits
41332,images/41332.jpg,41332.jpg,Dupatta
25136,images/25136.jpg,25136.jpg,Clutches
51177,images/51177.jpg,51177.jpg,Socks
49991,images/49991.jpg,49991.jpg,Socks
25073,images/25073.jpg,25073.jpg,Accessory Gift Set
17383,images/17383.jpg,17383.jpg,Mufflers
19439,images/19439.jpg,19439.jpg,Caps
45246,images/45246.jpg,45246.jpg,Watches
45214,images/45214.jpg,45214.jpg,Watches
41699,images/41699.jpg,41699.jpg,Lounge Pants
59519,images/59519.jpg,59519.jpg,Necklace and Chains
57862,images/57862.jpg,57862.jpg,Sunscreen
47053,images/47053.jpg,47053.jpg,Salwar
57800,images/57800.jpg,57800.jpg,Face Wash and Cleanser
57576,images/57576.jpg,57576.jpg,Lipstick
36279,images/36279.jpg,36279.jpg,Night suits
17385,images/17385.jpg,17385.jpg,Mufflers
37577,images/37577.jpg,37577.jpg,Gloves
55475,images/55475.jpg,55475.jpg,Lip Liner
9973,images/9973.jpg,9973.jpg,Sweatshirts
15005,images/15005.jpg,15005.jpg,Jackets
59673,images/59673.jpg,59673.jpg,Lehenga Choli
42635,images/42635.jpg,42635.jpg,Bracelet
35102,images/35102.jpg,35102.jpg,Stoles
15678,images/15678.jpg,15678.jpg,Trousers
57878,images/57878.jpg,57878.jpg,Mask and Peel
12489,images/12489.jpg,12489.jpg,Sandals
57024,images/57024.jpg,57024.jpg,Briefs
22686,images/22686.jpg,22686.jpg,Wallets
30905,images/30905.jpg,30905.jpg,Salwar
57876,images/57876.jpg,57876.jpg,Face Wash and Cleanser
48318,images/48318.jpg,48318.jpg,Bracelet
28424,images/28424.jpg,28424.jpg,Sunglasses
55480,images/55480.jpg,55480.jpg,Lip Liner
23794,images/23794.jpg,23794.jpg,Flip Flops
25782,images/25782.jpg,25782.jpg,Suspenders
43586,images/43586.jpg,43586.jpg,Dresses
38039,images/38039.jpg,38039.jpg,Watches
34258,images/34258.jpg,34258.jpg,Tracksuits
48573,images/48573.jpg,48573.jpg,Bracelet
13162,images/13162.jpg,13162.jpg,Caps
48908,images/48908.jpg,48908.jpg,Pendant
21190,images/21190.jpg,21190.jpg,Backpacks
25954,images/25954.jpg,25954.jpg,Scarves
57860,images/57860.jpg,57860.jpg,Toner
46516,images/46516.jpg,46516.jpg,Watches
31881,images/31881.jpg,31881.jpg,Stoles
15084,images/15084.jpg,15084.jpg,Churidar
59643,images/59643.jpg,59643.jpg,Sarees
52498,images/52498.jpg,52498.jpg,Bath Robe
56631,images/56631.jpg,56631.jpg,Face Wash and Cleanser
38164,images/38164.jpg,38164.jpg,Sunglasses
53619,images/53619.jpg,53619.jpg,Free Gifts
44992,images/44992.jpg,44992.jpg,Free Gifts
55614,images/55614.jpg,55614.jpg,Formal Shoes
39011,images/39011.jpg,39011.jpg,Leggings
55835,images/55835.jpg,55835.jpg,Nail Essentials
56232,images/56232.jpg,56232.jpg,Night suits
48394,images/48394.jpg,48394.jpg,Trousers
57619,images/57619.jpg,57619.jpg,Sunscreen
14989,images/14989.jpg,14989.jpg,Sweatshirts
33736,images/33736.jpg,33736.jpg,Jeggings
35026,images/35026.jpg,35026.jpg,Stoles
55097,images/55097.jpg,55097.jpg,Face Moisturisers
20063,images/20063.jpg,20063.jpg,Mufflers
18963,images/18963.jpg,18963.jpg,Sweatshirts
39238,images/39238.jpg,39238.jpg,Nightdress
57768,images/57768.jpg,57768.jpg,Mask and Peel
31875,images/31875.jpg,31875.jpg,Dupatta
57710,images/57710.jpg,57710.jpg,Lip Liner
43422,images/43422.jpg,43422.jpg,Jeans
51616,images/51616.jpg,51616.jpg,Jeggings
52502,images/52502.jpg,52502.jpg,Bath Robe
49978,images/49978.jpg,49978.jpg,Innerwear Vests
28979,images/28979.jpg,28979.jpg,Kurta Sets
32073,images/32073.jpg,32073.jpg,Boxers
15465,images/15465.jpg,15465.jpg,Jackets
27004,images/27004.jpg,27004.jpg,Jeggings
25896,images/25896.jpg,25896.jpg,Leggings
55094,images/55094.jpg,55094.jpg,Face Wash and Cleanser
39935,images/39935.jpg,39935.jpg,Laptop Bag
43107,images/43107.jpg,43107.jpg,Perfume and Body Mist
55064,images/55064.jpg,55064.jpg,Lipstick
30740,images/30740.jpg,30740.jpg,Nehru Jackets
27414,images/27414.jpg,27414.jpg,Lounge Pants
42973,images/42973.jpg,42973.jpg,Swimwear
34918,images/34918.jpg,34918.jpg,Dupatta
30639,images/30639.jpg,30639.jpg,Shorts
34553,images/34553.jpg,34553.jpg,Duffel Bag
57790,images/57790.jpg,57790.jpg,Compact
2111,images/2111.jpg,2111.jpg,Track Pants
4010,images/4010.jpg,4010.jpg,Basketballs
42817,images/42817.jpg,42817.jpg,Briefs
57620,images/57620.jpg,57620.jpg,Sunscreen
53377,images/53377.jpg,53377.jpg,Messenger Bag
56179,images/56179.jpg,56179.jpg,Concealer
42583,images/42583.jpg,42583.jpg,Waistcoat
54984,images/54984.jpg,54984.jpg,Lounge Pants
52508,images/52508.jpg,52508.jpg,Baby Dolls
33865,images/33865.jpg,33865.jpg,Sports Sandals
30901,images/30901.jpg,30901.jpg,Salwar
59863,images/59863.jpg,59863.jpg,Eye Cream
58323,images/58323.jpg,58323.jpg,Socks
56907,images/56907.jpg,56907.jpg,Heels
52506,images/52506.jpg,52506.jpg,Bath Robe
46135,images/46135.jpg,46135.jpg,Necklace and Chains
48733,images/48733.jpg,48733.jpg,Bangle
49129,images/49129.jpg,49129.jpg,Concealer
31890,images/31890.jpg,31890.jpg,Stoles
12449,images/12449.jpg,12449.jpg,Shoe Accessories
6845,images/6845.jpg,6845.jpg,Shoe Laces
38464,images/38464.jpg,38464.jpg,Handbags
31287,images/31287.jpg,31287.jpg,Shorts
18985,images/18985.jpg,18985.jpg,Jackets
54982,images/54982.jpg,54982.jpg,Lounge Pants
12159,images/12159.jpg,12159.jpg,Leggings
44790,images/44790.jpg,44790.jpg,Boxers
17992,images/17992.jpg,17992.jpg,Lounge Pants
37261,images/37261.jpg,37261.jpg,Waist Pouch
57735,images/57735.jpg,57735.jpg,Lip Care
56308,images/56308.jpg,56308.jpg,Briefs
56168,images/56168.jpg,56168.jpg,Kajal and Eyeliner
25066,images/25066.jpg,25066.jpg,Accessory Gift Set
30742,images/30742.jpg,30742.jpg,Nehru Jackets
45758,images/45758.jpg,45758.jpg,Deodorant
27789,images/27789.jpg,27789.jpg,Wallets
56618,images/56618.jpg,56618.jpg,Highlighter and Blush
55492,images/55492.jpg,55492.jpg,Lip Gloss
46106,images/46106.jpg,46106.jpg,Flip Flops
52479,images/52479.jpg,52479.jpg,Baby Dolls
48471,images/48471.jpg,48471.jpg,Dresses
42974,images/42974.jpg,42974.jpg,Swimwear
25760,images/25760.jpg,25760.jpg,Suspenders
51455,images/51455.jpg,51455.jpg,Shrug
59672,images/59672.jpg,59672.jpg,Lehenga Choli
13230,images/13230.jpg,13230.jpg,Shorts
59880,images/59880.jpg,59880.jpg,Stockings
21909,images/21909.jpg,21909.jpg,Kurta Sets
36273,images/36273.jpg,36273.jpg,Night suits
1550,images/1550.jpg,1550.jpg,Footballs
8933,images/8933.jpg,8933.jpg,Wristbands
38736,images/38736.jpg,38736.jpg,Messenger Bag
55203,images/55203.jpg,55203.jpg,Lip Care
25732,images/25732.jpg,25732.jpg,Belts
9965,images/9965.jpg,9965.jpg,Wristbands
26258,images/26258.jpg,26258.jpg,Track Pants
32633,images/32633.jpg,32633.jpg,Capris
57078,images/57078.jpg,57078.jpg,Jumpsuit
18208,images/18208.jpg,18208.jpg,Caps
56545,images/56545.jpg,56545.jpg,Mascara
21163,images/21163.jpg,21163.jpg,Shrug
49160,images/49160.jpg,49160.jpg,Foundation and Primer
30936,images/30936.jpg,30936.jpg,Kurtis
52496,images/52496.jpg,52496.jpg,Bath Robe
18954,images/18954.jpg,18954.jpg,Socks
55002,images/55002.jpg,55002.jpg,Lip Gloss
26693,images/26693.jpg,26693.jpg,Waist Pouch
50759,images/50759.jpg,50759.jpg,Sandals
52362,images/52362.jpg,52362.jpg,Nightdress
56627,images/56627.jpg,56627.jpg,Face Moisturisers
44376,images/44376.jpg,44376.jpg,Waistcoat
51332,images/51332.jpg,51332.jpg,Rain Trousers
6840,images/6840.jpg,6840.jpg,Shoe Accessories
15666,images/15666.jpg,15666.jpg,Backpacks
57879,images/57879.jpg,57879.jpg,Face Scrub and Exfoliator
9003,images/9003.jpg,9003.jpg,Handbags
54992,images/54992.jpg,54992.jpg,Shrug
15007,images/15007.jpg,15007.jpg,Jackets
38962,images/38962.jpg,38962.jpg,Rucksacks
37539,images/37539.jpg,37539.jpg,Booties
24296,images/24296.jpg,24296.jpg,Socks
24331,images/24331.jpg,24331.jpg,Track Pants
25757,images/25757.jpg,25757.jpg,Suspenders
56634,images/56634.jpg,56634.jpg,Face Wash and Cleanser
15645,images/15645.jpg,15645.jpg,Shorts
59896,images/59896.jpg,59896.jpg,Dresses
7780,images/7780.jpg,7780.jpg,Rucksacks
13177,images/13177.jpg,13177.jpg,Waist Pouch
38345,images/38345.jpg,38345.jpg,Tshirts
10405,images/10405.jpg,10405.jpg,Tops
6844,images/6844.jpg,6844.jpg,Shoe Accessories
44170,images/44170.jpg,44170.jpg,Deodorant
12049,images/12049.jpg,12049.jpg,Sweatshirts
13380,images/13380.jpg,13380.jpg,Shoe Accessories
51582,images/51582.jpg,51582.jpg,Jeggings
11899,images/11899.jpg,11899.jpg,Formal Shoes
58204,images/58204.jpg,58204.jpg,Belts
55086,images/55086.jpg,55086.jpg,Eye Cream
48115,images/48115.jpg,48115.jpg,Belts
35144,images/35144.jpg,35144.jpg,Clutches
37579,images/37579.jpg,37579.jpg,Gloves
57699,images/57699.jpg,57699.jpg,Face Scrub and Exfoliator
39143,images/39143.jpg,39143.jpg,Kurta Sets
49086,images/49086.jpg,49086.jpg,Compact
56218,images/56218.jpg,56218.jpg,Jewellery Set
59052,images/59052.jpg,59052.jpg,Flats
25771,images/25771.jpg,25771.jpg,Suspenders
56632,images/56632.jpg,56632.jpg,Face Wash and Cleanser
53812,images/53812.jpg,53812.jpg,Kurta Sets
49147,images/49147.jpg,49147.jpg,Nail Polish
50331,images/50331.jpg,50331.jpg,Kurtas
57861,images/57861.jpg,57861.jpg,Sunscreen
37788,images/37788.jpg,37788.jpg,Shirts
17374,images/17374.jpg,17374.jpg,Accessory Gift Set
30753,images/30753.jpg,30753.jpg,Kurtas
3472,images/3472.jpg,3472.jpg,Water Bottle
47307,images/47307.jpg,47307.jpg,Mobile Pouch
22176,images/22176.jpg,22176.jpg,Sports Sandals
52497,images/52497.jpg,52497.jpg,Bath Robe
43721,images/43721.jpg,43721.jpg,Bangle
43317,images/43317.jpg,43317.jpg,Jumpsuit
6124,images/6124.jpg,6124.jpg,Backpacks
42828,images/42828.jpg,42828.jpg,Wristbands
5831,images/5831.jpg,5831.jpg,Tshirts
43641,images/43641.jpg,43641.jpg,Tops
59784,images/59784.jpg,59784.jpg,Bracelet
59457,images/59457.jpg,59457.jpg,Ring
33060,images/33060.jpg,33060.jpg,Shirts
37235,images/37235.jpg,37235.jpg,Wallets
6836,images/6836.jpg,6836.jpg,Shoe Accessories
17323,images/17323.jpg,17323.jpg,Sunglasses
52536,images/52536.jpg,52536.jpg,Jeans
40923,images/40923.jpg,40923.jpg,Jeans
41074,images/41074.jpg,41074.jpg,Sports Sandals
57737,images/57737.jpg,57737.jpg,Lip Care
48786,images/48786.jpg,48786.jpg,Pendant
1808,images/1808.jpg,1808.jpg,Water Bottle
50659,images/50659.jpg,50659.jpg,Lounge Shorts
55201,images/55201.jpg,55201.jpg,Lip Care
19914,images/19914.jpg,19914.jpg,Waist Pouch
28754,images/28754.jpg,28754.jpg,Kurtas
58524,images/58524.jpg,58524.jpg,Handbags
8289,images/8289.jpg,8289.jpg,Flip Flops
51334,images/51334.jpg,51334.jpg,Rain Trousers
42066,images/42066.jpg,42066.jpg,Key chain
37542,images/37542.jpg,37542.jpg,Gloves
53090,images/53090.jpg,53090.jpg,Necklace and Chains
19542,images/19542.jpg,19542.jpg,Gloves
57890,images/57890.jpg,57890.jpg,Eye Cream
32550,images/32550.jpg,32550.jpg,Deodorant
51993,images/51993.jpg,51993.jpg,Lounge Shorts
55573,images/55573.jpg,55573.jpg,Concealer
5017,images/5017.jpg,5017.jpg,Capris
6841,images/6841.jpg,6841.jpg,Shoe Accessories
46185,images/46185.jpg,46185.jpg,Jewellery Set
27626,images/27626.jpg,27626.jpg,Shorts
10498,images/10498.jpg,10498.jpg,Tops
38964,images/38964.jpg,38964.jpg,Rucksacks
49095,images/49095.jpg,49095.jpg,Compact
30714,images/30714.jpg,30714.jpg,Churidar
20431,images/20431.jpg,20431.jpg,Wallets
57885,images/57885.jpg,57885.jpg,Mask and Peel
20055,images/20055.jpg,20055.jpg,Mufflers
49093,images/49093.jpg,49093.jpg,Lip Liner
5015,images/5015.jpg,5015.jpg,Capris
1628,images/1628.jpg,1628.jpg,Basketballs
50487,images/50487.jpg,50487.jpg,Trunk
35424,images/35424.jpg,35424.jpg,Sports Shoes
57877,images/57877.jpg,57877.jpg,Lip Care
48313,images/48313.jpg,48313.jpg,Bracelet
34916,images/34916.jpg,34916.jpg,Dupatta
50385,images/50385.jpg,50385.jpg,Salwar and Dupatta
28226,images/28226.jpg,28226.jpg,Deodorant
17625,images/17625.jpg,17625.jpg,Track Pants
46705,images/46705.jpg,46705.jpg,Perfume and Body Mist
4594,images/4594.jpg,4594.jpg,Rucksacks
20051,images/20051.jpg,20051.jpg,Mufflers
32071,images/32071.jpg,32071.jpg,Boxers
28970,images/28970.jpg,28970.jpg,Kurta Sets
56543,images/56543.jpg,56543.jpg,Mascara
30197,images/30197.jpg,30197.jpg,Backpacks
15950,images/15950.jpg,15950.jpg,Ties
52480,images/52480.jpg,52480.jpg,Baby Dolls
30824,images/30824.jpg,30824.jpg,Churidar
33990,images/33990.jpg,33990.jpg,Scarves
25777,images/25777.jpg,25777.jpg,Suspenders
54049,images/54049.jpg,54049.jpg,Jeggings
44016,images/44016.jpg,44016.jpg,Body Wash and Scrub
16535,images/16535.jpg,16535.jpg,Caps
14990,images/14990.jpg,14990.jpg,Sweaters
50982,images/50982.jpg,50982.jpg,Robe
12462,images/12462.jpg,12462.jpg,Waistcoat
14875,images/14875.jpg,14875.jpg,Umbrellas
22670,images/22670.jpg,22670.jpg,Waist Pouch
27411,images/27411.jpg,27411.jpg,Lounge Pants
14477,images/14477.jpg,14477.jpg,Heels
55052,images/55052.jpg,55052.jpg,Lipstick
22329,images/22329.jpg,22329.jpg,Sweaters
33501,images/33501.jpg,33501.jpg,Capris
41694,images/41694.jpg,41694.jpg,Lounge Pants
10304,images/10304.jpg,10304.jpg,Sandals
15751,images/15751.jpg,15751.jpg,Innerwear Vests
7107,images/7107.jpg,7107.jpg,Backpacks
25789,images/25789.jpg,25789.jpg,Suspenders
26435,images/26435.jpg,26435.jpg,Handbags
37550,images/37550.jpg,37550.jpg,Booties
23473,images/23473.jpg,23473.jpg,Scarves
35030,images/35030.jpg,35030.jpg,Stoles
29172,images/29172.jpg,29172.jpg,Skirts
43072,images/43072.jpg,43072.jpg,Caps
23350,images/23350.jpg,23350.jpg,Boxers
52525,images/52525.jpg,52525.jpg,Jeggings
16442,images/16442.jpg,16442.jpg,Sweatshirts
12289,images/12289.jpg,12289.jpg,Trousers
57731,images/57731.jpg,57731.jpg,Lip Care
44911,images/44911.jpg,44911.jpg,Tracksuits
20365,images/20365.jpg,20365.jpg,Stockings
53338,images/53338.jpg,53338.jpg,Boxers
55297,images/55297.jpg,55297.jpg,Eyeshadow
41000,images/41000.jpg,41000.jpg,Shorts
38968,images/38968.jpg,38968.jpg,Rucksacks
50667,images/50667.jpg,50667.jpg,Lounge Pants
8958,images/8958.jpg,8958.jpg,Water Bottle
37086,images/37086.jpg,37086.jpg,Mobile Pouch
21409,images/21409.jpg,21409.jpg,Tshirts
57081,images/57081.jpg,57081.jpg,Waistcoat
49092,images/49092.jpg,49092.jpg,Lip Liner
55066,images/55066.jpg,55066.jpg,Lipstick
13102,images/13102.jpg,13102.jpg,Sweatshirts
25957,images/25957.jpg,25957.jpg,Scarves
39883,images/39883.jpg,39883.jpg,Duffel Bag
38688,images/38688.jpg,38688.jpg,Clutches
57771,images/57771.jpg,57771.jpg,Mask and Peel
57711,images/57711.jpg,57711.jpg,Lip Liner
55324,images/55324.jpg,55324.jpg,Hair Colour
18965,images/18965.jpg,18965.jpg,Sweatshirts
15669,images/15669.jpg,15669.jpg,Laptop Bag
58837,images/58837.jpg,58837.jpg,Cufflinks
28064,images/28064.jpg,28064.jpg,Trunk
11529,images/11529.jpg,11529.jpg,Sweaters
49995,images/49995.jpg,49995.jpg,Camisoles
20053,images/20053.jpg,20053.jpg,Mufflers
55955,images/55955.jpg,55955.jpg,Nail Polish
2390,images/2390.jpg,2390.jpg,Casual Shoes
48158,images/48158.jpg,48158.jpg,Wallets
59503,images/59503.jpg,59503.jpg,Pendant
55072,images/55072.jpg,55072.jpg,Mascara
56161,images/56161.jpg,56161.jpg,Kajal and Eyeliner
52513,images/52513.jpg,52513.jpg,Bath Robe
1551,images/1551.jpg,1551.jpg,Footballs
44106,images/44106.jpg,44106.jpg,Fragrance Gift Set
15963,images/15963.jpg,15963.jpg,Jackets
55256,images/55256.jpg,55256.jpg,Kajal and Eyeliner
43710,images/43710.jpg,43710.jpg,Bangle
29345,images/29345.jpg,29345.jpg,Tshirts
25736,images/25736.jpg,25736.jpg,Wallets
47060,images/47060.jpg,47060.jpg,Salwar
51592,images/51592.jpg,51592.jpg,Jeggings
27497,images/27497.jpg,27497.jpg,Camisoles
50378,images/50378.jpg,50378.jpg,Salwar and Dupatta
40495,images/40495.jpg,40495.jpg,Leggings
52482,images/52482.jpg,52482.jpg,Baby Dolls
57097,images/57097.jpg,57097.jpg,Capris
30738,images/30738.jpg,30738.jpg,Nehru Jackets
47044,images/47044.jpg,47044.jpg,Salwar
11243,images/11243.jpg,11243.jpg,Jeans
28139,images/28139.jpg,28139.jpg,Lounge Shorts
56558,images/56558.jpg,56558.jpg,Lip Gloss
44788,images/44788.jpg,44788.jpg,Boxers
23228,images/23228.jpg,23228.jpg,Kurtas
49781,images/49781.jpg,49781.jpg,Night suits
9572,images/9572.jpg,9572.jpg,Travel Accessory
55350,images/55350.jpg,55350.jpg,Face Moisturisers
30915,images/30915.jpg,30915.jpg,Kurtis
37207,images/37207.jpg,37207.jpg,Jeggings
26700,images/26700.jpg,26700.jpg,Sports Sandals
39523,images/39523.jpg,39523.jpg,Trolley Bag
11985,images/11985.jpg,11985.jpg,Sports Shoes
15312,images/15312.jpg,15312.jpg,Sports Sandals
37085,images/37085.jpg,37085.jpg,Mobile Pouch
57210,images/57210.jpg,57210.jpg,Jeggings
49025,images/49025.jpg,49025.jpg,Ring
51206,images/51206.jpg,51206.jpg,Bra
37549,images/37549.jpg,37549.jpg,Booties
19544,images/19544.jpg,19544.jpg,Gloves
58680,images/58680.jpg,58680.jpg,Kurtas
36746,images/36746.jpg,36746.jpg,Clothing Set
30739,images/30739.jpg,30739.jpg,Nehru Jackets
52476,images/52476.jpg,52476.jpg,Bath Robe
50658,images/50658.jpg,50658.jpg,Lounge Shorts
20068,images/20068.jpg,20068.jpg,Mufflers
56176,images/56176.jpg,56176.jpg,Kajal and Eyeliner
6184,images/6184.jpg,6184.jpg,Flip Flops
10365,images/10365.jpg,10365.jpg,Dresses
55286,images/55286.jpg,55286.jpg,Beauty Accessory
18429,images/18429.jpg,18429.jpg,Laptop Bag
26625,images/26625.jpg,26625.jpg,Sports Sandals
10390,images/10390.jpg,10390.jpg,Watches
44913,images/44913.jpg,44913.jpg,Track Pants
6487,images/6487.jpg,6487.jpg,Formal Shoes
57773,images/57773.jpg,57773.jpg,Mask and Peel
52470,images/52470.jpg,52470.jpg,Camisoles
15060,images/15060.jpg,15060.jpg,Formal Shoes
36365,images/36365.jpg,36365.jpg,Ties
55331,images/55331.jpg,55331.jpg,Hair Colour
37574,images/37574.jpg,37574.jpg,Booties
34548,images/34548.jpg,34548.jpg,Belts
57185,images/57185.jpg,57185.jpg,Tunics
20845,images/20845.jpg,20845.jpg,Casual Shoes
15488,images/15488.jpg,15488.jpg,Flats
30733,images/30733.jpg,30733.jpg,Churidar
51320,images/51320.jpg,51320.jpg,Travel Accessory
56269,images/56269.jpg,56269.jpg,Night suits
13307,images/13307.jpg,13307.jpg,Trousers
18445,images/18445.jpg,18445.jpg,Perfume and Body Mist
26447,images/26447.jpg,26447.jpg,Clutches
20040,images/20040.jpg,20040.jpg,Stockings
36278,images/36278.jpg,36278.jpg,Night suits
50550,images/50550.jpg,50550.jpg,Boxers
34982,images/34982.jpg,34982.jpg,Sarees
24834,images/24834.jpg,24834.jpg,Travel Accessory
17640,images/17640.jpg,17640.jpg,Headband
42062,images/42062.jpg,42062.jpg,Mobile Pouch
52494,images/52494.jpg,52494.jpg,Bath Robe
17387,images/17387.jpg,17387.jpg,Mufflers
22998,images/22998.jpg,22998.jpg,Lounge Pants
37167,images/37167.jpg,37167.jpg,Waistcoat
12439,images/12439.jpg,12439.jpg,Hat
42349,images/42349.jpg,42349.jpg,Leggings
28463,images/28463.jpg,28463.jpg,Shorts
22438,images/22438.jpg,22438.jpg,Kurtis
9214,images/9214.jpg,9214.jpg,Casual Shoes
58525,images/58525.jpg,58525.jpg,Travel Accessory
52032,images/52032.jpg,52032.jpg,Rain Jacket
45353,images/45353.jpg,45353.jpg,Heels
49635,images/49635.jpg,49635.jpg,Skirts
55325,images/55325.jpg,55325.jpg,Hair Colour
34756,images/34756.jpg,34756.jpg,Casual Shoes
55276,images/55276.jpg,55276.jpg,Concealer
12440,images/12440.jpg,12440.jpg,Hat
49151,images/49151.jpg,49151.jpg,Lip Liner
35014,images/35014.jpg,35014.jpg,Stoles
51611,images/51611.jpg,51611.jpg,Leggings
48746,images/48746.jpg,48746.jpg,Bracelet
34943,images/34943.jpg,34943.jpg,Dupatta
20477,images/20477.jpg,20477.jpg,Wallets
56594,images/56594.jpg,56594.jpg,Eyeshadow
13131,images/13131.jpg,13131.jpg,Formal Shoes
56055,images/56055.jpg,56055.jpg,Lip Gloss
58480,images/58480.jpg,58480.jpg,Wallets
30728,images/30728.jpg,30728.jpg,Salwar
12751,images/12751.jpg,12751.jpg,Jeans
34931,images/34931.jpg,34931.jpg,Dupatta
56570,images/56570.jpg,56570.jpg,Foundation and Primer
20901,images/20901.jpg,20901.jpg,Flats
9348,images/9348.jpg,9348.jpg,Shorts
30453,images/30453.jpg,30453.jpg,Jeans
43466,images/43466.jpg,43466.jpg,Night suits
57801,images/57801.jpg,57801.jpg,Face Wash and Cleanser
30741,images/30741.jpg,30741.jpg,Nehru Jackets
37561,images/37561.jpg,37561.jpg,Rompers
48121,images/48121.jpg,48121.jpg,Belts
49677,images/49677.jpg,49677.jpg,Sunglasses
57750,images/57750.jpg,57750.jpg,Foundation and Primer
55518,images/55518.jpg,55518.jpg,Hair Colour
59697,images/59697.jpg,59697.jpg,Camisoles
43724,images/43724.jpg,43724.jpg,Bangle
35090,images/35090.jpg,35090.jpg,Scarves
28192,images/28192.jpg,28192.jpg,Sunglasses
48767,images/48767.jpg,48767.jpg,Jewellery Set
37772,images/37772.jpg,37772.jpg,Shirts
41724,images/41724.jpg,41724.jpg,Heels
26228,images/26228.jpg,26228.jpg,Tshirts
11245,images/11245.jpg,11245.jpg,Churidar
39056,images/39056.jpg,39056.jpg,Cufflinks
47309,images/47309.jpg,47309.jpg,Mobile Pouch
9770,images/9770.jpg,9770.jpg,Tracksuits
56077,images/56077.jpg,56077.jpg,Lip Liner
55200,images/55200.jpg,55200.jpg,Lip Care
22665,images/22665.jpg,22665.jpg,Waist Pouch
42197,images/42197.jpg,42197.jpg,Tunics
57611,images/57611.jpg,57611.jpg,Sunscreen
51617,images/51617.jpg,51617.jpg,Jeggings
13717,images/13717.jpg,13717.jpg,Mufflers
53055,images/53055.jpg,53055.jpg,Sarees
23590,images/23590.jpg,23590.jpg,Fragrance Gift Set
51119,images/51119.jpg,51119.jpg,Free Gifts
12609,images/12609.jpg,12609.jpg,Sweaters
19739,images/19739.jpg,19739.jpg,Umbrellas
26208,images/26208.jpg,26208.jpg,Perfume and Body Mist
6736,images/6736.jpg,6736.jpg,Sandals
37557,images/37557.jpg,37557.jpg,Gloves
57418,images/57418.jpg,57418.jpg,Robe
53896,images/53896.jpg,53896.jpg,Handbags
50836,images/50836.jpg,50836.jpg,Belts
47321,images/47321.jpg,47321.jpg,Mobile Pouch
47045,images/47045.jpg,47045.jpg,Salwar
19740,images/19740.jpg,19740.jpg,Umbrellas
37102,images/37102.jpg,37102.jpg,Trousers
46051,images/46051.jpg,46051.jpg,Earrings
54171,images/54171.jpg,54171.jpg,Necklace and Chains
32246,images/32246.jpg,32246.jpg,Patiala
6837,images/6837.jpg,6837.jpg,Shoe Accessories
57607,images/57607.jpg,57607.jpg,Toner
39518,images/39518.jpg,39518.jpg,Laptop Bag
52505,images/52505.jpg,52505.jpg,Bath Robe
16519,images/16519.jpg,16519.jpg,Jeans
14894,images/14894.jpg,14894.jpg,Travel Accessory
57783,images/57783.jpg,57783.jpg,Eye Cream
56432,images/56432.jpg,56432.jpg,Nail Essentials
19134,images/19134.jpg,19134.jpg,Sandals
56548,images/56548.jpg,56548.jpg,Lip Liner
49097,images/49097.jpg,49097.jpg,Compact
53825,images/53825.jpg,53825.jpg,Kurta Sets
51383,images/51383.jpg,51383.jpg,Boxers
28968,images/28968.jpg,28968.jpg,Kurta Sets
25071,images/25071.jpg,25071.jpg,Accessory Gift Set
56123,images/56123.jpg,56123.jpg,Foundation and Primer
49128,images/49128.jpg,49128.jpg,Concealer
23474,images/23474.jpg,23474.jpg,Scarves
9465,images/9465.jpg,9465.jpg,Shirts
38460,images/38460.jpg,38460.jpg,Mobile Pouch
30924,images/30924.jpg,30924.jpg,Skirts
19541,images/19541.jpg,19541.jpg,Gloves
27950,images/27950.jpg,27950.jpg,Trunk
14597,images/14597.jpg,14597.jpg,Stockings
35128,images/35128.jpg,35128.jpg,Bracelet
48194,images/48194.jpg,48194.jpg,Sunglasses
28043,images/28043.jpg,28043.jpg,Briefs
35044,images/35044.jpg,35044.jpg,Kurtas
37894,images/37894.jpg,37894.jpg,Tights
44662,images/44662.jpg,44662.jpg,Headband
7387,images/7387.jpg,7387.jpg,Formal Shoes
14596,images/14596.jpg,14596.jpg,Stockings
53380,images/53380.jpg,53380.jpg,Sports Sandals
43655,images/43655.jpg,43655.jpg,Jumpsuit
35115,images/35115.jpg,35115.jpg,Wallets
52909,images/52909.jpg,52909.jpg,Sarees
55197,images/55197.jpg,55197.jpg,Nail Essentials
12768,images/12768.jpg,12768.jpg,Tunics
5450,images/5450.jpg,5450.jpg,Shorts
33443,images/33443.jpg,33443.jpg,Handbags
43796,images/43796.jpg,43796.jpg,Earrings
31321,images/31321.jpg,31321.jpg,Kurtas
18693,images/18693.jpg,18693.jpg,Trunk
55332,images/55332.jpg,55332.jpg,Hair Colour
48578,images/48578.jpg,48578.jpg,Bracelet
14863,images/14863.jpg,14863.jpg,Necklace and Chains
55989,images/55989.jpg,55989.jpg,Lipstick
45824,images/45824.jpg,45824.jpg,Ipad
55520,images/55520.jpg,55520.jpg,Foundation and Primer
18564,images/18564.jpg,18564.jpg,Flats
26692,images/26692.jpg,26692.jpg,Sports Sandals
52030,images/52030.jpg,52030.jpg,Rain Jacket
57419,images/57419.jpg,57419.jpg,Robe
57763,images/57763.jpg,57763.jpg,Face Scrub and Exfoliator
43803,images/43803.jpg,43803.jpg,Earrings
37525,images/37525.jpg,37525.jpg,Rompers
38445,images/38445.jpg,38445.jpg,Tablet Sleeve
48757,images/48757.jpg,48757.jpg,Jewellery Set
28074,images/28074.jpg,28074.jpg,Trunk
54412,images/54412.jpg,54412.jpg,Wallets
22154,images/22154.jpg,22154.jpg,Formal Shoes
55396,images/55396.jpg,55396.jpg,Mascara
49788,images/49788.jpg,49788.jpg,Caps
52028,images/52028.jpg,52028.jpg,Rain Jacket
34941,images/34941.jpg,34941.jpg,Dupatta
25356,images/25356.jpg,25356.jpg,Briefs
1553,images/1553.jpg,1553.jpg,Footballs
50190,images/50190.jpg,50190.jpg,Camisoles
17859,images/17859.jpg,17859.jpg,Trunk
52820,images/52820.jpg,52820.jpg,Earrings
42972,images/42972.jpg,42972.jpg,Swimwear
50633,images/50633.jpg,50633.jpg,Trunk
33979,images/33979.jpg,33979.jpg,Stockings
8581,images/8581.jpg,8581.jpg,Waistcoat
55145,images/55145.jpg,55145.jpg,Nail Polish
19856,images/19856.jpg,19856.jpg,Jackets
52517,images/52517.jpg,52517.jpg,Baby Dolls
30736,images/30736.jpg,30736.jpg,Churidar
49098,images/49098.jpg,49098.jpg,Eyeshadow
8909,images/8909.jpg,8909.jpg,Casual Shoes
13590,images/13590.jpg,13590.jpg,Innerwear Vests
42065,images/42065.jpg,42065.jpg,Trolley Bag
7221,images/7221.jpg,7221.jpg,Formal Shoes
29846,images/29846.jpg,29846.jpg,Trousers
52477,images/52477.jpg,52477.jpg,Baby Dolls
27820,images/27820.jpg,27820.jpg,Belts
57079,images/57079.jpg,57079.jpg,Jumpsuit
57884,images/57884.jpg,57884.jpg,Mask and Peel
19543,images/19543.jpg,19543.jpg,Gloves
55168,images/55168.jpg,55168.jpg,Nail Polish
49154,images/49154.jpg,49154.jpg,Highlighter and Blush
55336,images/55336.jpg,55336.jpg,Hair Colour
41134,images/41134.jpg,41134.jpg,Jeggings
59715,images/59715.jpg,59715.jpg,Nightdress
19004,images/19004.jpg,19004.jpg,Jackets
22656,images/22656.jpg,22656.jpg,Messenger Bag
51329,images/51329.jpg,51329.jpg,Travel Accessory
6143,images/6143.jpg,6143.jpg,Sports Sandals
4637,images/4637.jpg,4637.jpg,Sports Shoes
48794,images/48794.jpg,48794.jpg,Pendant
37563,images/37563.jpg,37563.jpg,Rompers
48523,images/48523.jpg,48523.jpg,Jumpsuit
32536,images/32536.jpg,32536.jpg,Fragrance Gift Set
42830,images/42830.jpg,42830.jpg,Wristbands
49101,images/49101.jpg,49101.jpg,Lip Plumper
14028,images/14028.jpg,14028.jpg,Tracksuits
41236,images/41236.jpg,41236.jpg,Capris
8833,images/8833.jpg,8833.jpg,Sweaters
26151,images/26151.jpg,26151.jpg,Trousers
45919,images/45919.jpg,45919.jpg,Watches
32407,images/32407.jpg,32407.jpg,Trousers
28347,images/28347.jpg,28347.jpg,Free Gifts
50652,images/50652.jpg,50652.jpg,Lounge Shorts
8185,images/8185.jpg,8185.jpg,Shirts
2273,images/2273.jpg,2273.jpg,Tshirts
26057,images/26057.jpg,26057.jpg,Shirts
37513,images/37513.jpg,37513.jpg,Booties
13351,images/13351.jpg,13351.jpg,Jeans
59778,images/59778.jpg,59778.jpg,Bracelet
39145,images/39145.jpg,39145.jpg,Kurta Sets
59584,images/59584.jpg,59584.jpg,Cufflinks
47071,images/47071.jpg,47071.jpg,Patiala
4612,images/4612.jpg,4612.jpg,Waist Pouch
39930,images/39930.jpg,39930.jpg,Laptop Bag
54060,images/54060.jpg,54060.jpg,Patiala
28144,images/28144.jpg,28144.jpg,Lounge Shorts
22739,images/22739.jpg,22739.jpg,Backpacks
49049,images/49049.jpg,49049.jpg,Ring
27421,images/27421.jpg,27421.jpg,Lounge Pants
52500,images/52500.jpg,52500.jpg,Baby Dolls
28141,images/28141.jpg,28141.jpg,Lounge Shorts
56185,images/56185.jpg,56185.jpg,Compact
30737,images/30737.jpg,30737.jpg,Waistcoat
21830,images/21830.jpg,21830.jpg,Duffel Bag
55329,images/55329.jpg,55329.jpg,Hair Colour
52407,images/52407.jpg,52407.jpg,Nightdress
19638,images/19638.jpg,19638.jpg,Sweatshirts
37512,images/37512.jpg,37512.jpg,Booties
52044,images/52044.jpg,52044.jpg,Rain Jacket
17641,images/17641.jpg,17641.jpg,Headband
12214,images/12214.jpg,12214.jpg,Trousers
12452,images/12452.jpg,12452.jpg,Shoe Accessories
55365,images/55365.jpg,55365.jpg,Nail Polish
10257,images/10257.jpg,10257.jpg,Trousers
45385,images/45385.jpg,45385.jpg,Flats
59729,images/59729.jpg,59729.jpg,Shapewear
57866,images/57866.jpg,57866.jpg,Sunscreen
55834,images/55834.jpg,55834.jpg,Beauty Accessory
18766,images/18766.jpg,18766.jpg,Ties
37997,images/37997.jpg,37997.jpg,Flip Flops
23482,images/23482.jpg,23482.jpg,Scarves
7092,images/7092.jpg,7092.jpg,Backpacks
14872,images/14872.jpg,14872.jpg,Umbrellas
48744,images/48744.jpg,48744.jpg,Bangle
3960,images/3960.jpg,3960.jpg,Tops
52503,images/52503.jpg,52503.jpg,Bath Robe
55576,images/55576.jpg,55576.jpg,Compact
57627,images/57627.jpg,57627.jpg,Sunscreen
55395,images/55395.jpg,55395.jpg,Mascara
58600,images/58600.jpg,58600.jpg,Hair Accessory
53591,images/53591.jpg,53591.jpg,Free Gifts
53559,images/53559.jpg,53559.jpg,Boxers
35591,images/35591.jpg,35591.jpg,Sandals
20039,images/20039.jpg,20039.jpg,Tights
2562,images/2562.jpg,2562.jpg,Swimwear
21692,images/21692.jpg,21692.jpg,Watches
58096,images/58096.jpg,58096.jpg,Pendant
58622,images/58622.jpg,58622.jpg,Bracelet
16281,images/16281.jpg,16281.jpg,Sweatshirts
19043,images/19043.jpg,19043.jpg,Heels
57102,images/57102.jpg,57102.jpg,Tops
52509,images/52509.jpg,52509.jpg,Bath Robe
57762,images/57762.jpg,57762.jpg,Face Wash and Cleanser
35888,images/35888.jpg,35888.jpg,Clothing Set
43703,images/43703.jpg,43703.jpg,Jewellery Set
7113,images/7113.jpg,7113.jpg,Rucksacks
42829,images/42829.jpg,42829.jpg,Wristbands
56626,images/56626.jpg,56626.jpg,Face Moisturisers
56094,images/56094.jpg,56094.jpg,Lip Gloss
50670,images/50670.jpg,50670.jpg,Lounge Pants
27967,images/27967.jpg,27967.jpg,Innerwear Vests
56137,images/56137.jpg,56137.jpg,Eyeshadow
33749,images/33749.jpg,33749.jpg,Tunics
55073,images/55073.jpg,55073.jpg,Mascara
33355,images/33355.jpg,33355.jpg,Formal Shoes
55245,images/55245.jpg,55245.jpg,Foundation and Primer
55561,images/55561.jpg,55561.jpg,Eye Cream
21144,images/21144.jpg,21144.jpg,Tops
33715,images/33715.jpg,33715.jpg,Jeggings
10259,images/10259.jpg,10259.jpg,Trousers
48326,images/48326.jpg,48326.jpg,Clutches
16819,images/16819.jpg,16819.jpg,Jeans
50352,images/50352.jpg,50352.jpg,Kurtas
15083,images/15083.jpg,15083.jpg,Churidar
56603,images/56603.jpg,56603.jpg,Kajal and Eyeliner
49993,images/49993.jpg,49993.jpg,Lounge Shorts
48763,images/48763.jpg,48763.jpg,Jewellery Set
56078,images/56078.jpg,56078.jpg,Lip Gloss
27435,images/27435.jpg,27435.jpg,Bra
48834,images/48834.jpg,48834.jpg,Pendant
55283,images/55283.jpg,55283.jpg,Highlighter and Blush
3503,images/3503.jpg,3503.jpg,Sports Sandals
5227,images/5227.jpg,5227.jpg,Duffel Bag
56075,images/56075.jpg,56075.jpg,Lip Liner
56133,images/56133.jpg,56133.jpg,Foundation and Primer
3469,images/3469.jpg,3469.jpg,Headband
55826,images/55826.jpg,55826.jpg,Nightdress
11345,images/11345.jpg,11345.jpg,Jeans
18443,images/18443.jpg,18443.jpg,Fragrance Gift Set
58833,images/58833.jpg,58833.jpg,Cufflinks
49089,images/49089.jpg,49089.jpg,Kajal and Eyeliner
59103,images/59103.jpg,59103.jpg,Rain Jacket
12079,images/12079.jpg,12079.jpg,Kurtas
37067,images/37067.jpg,37067.jpg,Handbags
50032,images/50032.jpg,50032.jpg,Lounge Pants
7616,images/7616.jpg,7616.jpg,Messenger Bag
21628,images/21628.jpg,21628.jpg,Bra
19915,images/19915.jpg,19915.jpg,Waist Pouch
58870,images/58870.jpg,58870.jpg,Cufflinks
11094,images/11094.jpg,11094.jpg,Sweaters
11884,images/11884.jpg,11884.jpg,Formal Shoes
22994,images/22994.jpg,22994.jpg,Lounge Pants
33375,images/33375.jpg,33375.jpg,Wallets
57549,images/57549.jpg,57549.jpg,Lipstick
30811,images/30811.jpg,30811.jpg,Churidar
57865,images/57865.jpg,57865.jpg,Sunscreen
39527,images/39527.jpg,39527.jpg,Travel Accessory
25768,images/25768.jpg,25768.jpg,Suspenders
57765,images/57765.jpg,57765.jpg,Face Wash and Cleanser
52990,images/52990.jpg,52990.jpg,Sarees
40074,images/40074.jpg,40074.jpg,Tights
26322,images/26322.jpg,26322.jpg,Tracksuits
40433,images/40433.jpg,40433.jpg,Skirts
13073,images/13073.jpg,13073.jpg,Casual Shoes
48347,images/48347.jpg,48347.jpg,Necklace and Chains
51995,images/51995.jpg,51995.jpg,Lounge Shorts
34066,images/34066.jpg,34066.jpg,Dresses
56180,images/56180.jpg,56180.jpg,Concealer
29983,images/29983.jpg,29983.jpg,Free Gifts
6835,images/6835.jpg,6835.jpg,Shoe Accessories
34467,images/34467.jpg,34467.jpg,Laptop Bag
29190,images/29190.jpg,29190.jpg,Laptop Bag
19061,images/19061.jpg,19061.jpg,Kurtis
31743,images/31743.jpg,31743.jpg,Blazers
24703,images/24703.jpg,24703.jpg,Sports Sandals
58902,images/58902.jpg,58902.jpg,Ties
29455,images/29455.jpg,29455.jpg,Free Gifts
52303,images/52303.jpg,52303.jpg,Pendant
1583,images/1583.jpg,1583.jpg,Swimwear
37892,images/37892.jpg,37892.jpg,Tights
39310,images/39310.jpg,39310.jpg,Casual Shoes
14873,images/14873.jpg,14873.jpg,Umbrellas
53024,images/53024.jpg,53024.jpg,Sarees
55328,images/55328.jpg,55328.jpg,Hair Colour
38757,images/38757.jpg,38757.jpg,Waist Pouch
51583,images/51583.jpg,51583.jpg,Jeggings
37541,images/37541.jpg,37541.jpg,Gloves
13493,images/13493.jpg,13493.jpg,Rucksacks
39156,images/39156.jpg,39156.jpg,Kurtas
4011,images/4011.jpg,4011.jpg,Basketballs
42970,images/42970.jpg,42970.jpg,Swimwear
22483,images/22483.jpg,22483.jpg,Kurtis
54705,images/54705.jpg,54705.jpg,Kurta Sets
42089,images/42089.jpg,42089.jpg,Sports Shoes
8422,images/8422.jpg,8422.jpg,Basketballs
22679,images/22679.jpg,22679.jpg,Messenger Bag
6783,images/6783.jpg,6783.jpg,Jackets
2228,images/2228.jpg,2228.jpg,Socks
58304,images/58304.jpg,58304.jpg,Socks
57614,images/57614.jpg,57614.jpg,Sunscreen
43666,images/43666.jpg,43666.jpg,Jumpsuit
13161,images/13161.jpg,13161.jpg,Caps
55273,images/55273.jpg,55273.jpg,Concealer
32572,images/32572.jpg,32572.jpg,Tops
34979,images/34979.jpg,34979.jpg,Stoles
37537,images/37537.jpg,37537.jpg,Booties
9768,images/9768.jpg,9768.jpg,Jackets
52871,images/52871.jpg,52871.jpg,Deodorant
55553,images/55553.jpg,55553.jpg,Kajal and Eyeliner
17912,images/17912.jpg,17912.jpg,Jackets
47331,images/47331.jpg,47331.jpg,Mobile Pouch
31080,images/31080.jpg,31080.jpg,Stoles
55575,images/55575.jpg,55575.jpg,Compact
48769,images/48769.jpg,48769.jpg,Jewellery Set
48761,images/48761.jpg,48761.jpg,Jewellery Set
28408,images/28408.jpg,28408.jpg,Sunglasses
57409,images/57409.jpg,57409.jpg,Briefs
26983,images/26983.jpg,26983.jpg,Capris
21147,images/21147.jpg,21147.jpg,Sweatshirts
14890,images/14890.jpg,14890.jpg,Travel Accessory
38223,images/38223.jpg,38223.jpg,Ties and Cufflinks
57756,images/57756.jpg,57756.jpg,Face Wash and Cleanser
48939,images/48939.jpg,48939.jpg,Ring
34914,images/34914.jpg,34914.jpg,Dupatta
51805,images/51805.jpg,51805.jpg,Bra
9534,images/9534.jpg,9534.jpg,Tshirts
27788,images/27788.jpg,27788.jpg,Wallets
19930,images/19930.jpg,19930.jpg,Accessory Gift Set
43707,images/43707.jpg,43707.jpg,Jewellery Set
43850,images/43850.jpg,43850.jpg,Earrings
52481,images/52481.jpg,52481.jpg,Baby Dolls
35131,images/35131.jpg,35131.jpg,Bangle
55335,images/55335.jpg,55335.jpg,Hair Colour
50558,images/50558.jpg,50558.jpg,Innerwear Vests
50206,images/50206.jpg,50206.jpg,Sunglasses
12465,images/12465.jpg,12465.jpg,Stoles
54685,images/54685.jpg,54685.jpg,Kurtas
43675,images/43675.jpg,43675.jpg,Jumpsuit
20037,images/20037.jpg,20037.jpg,Stockings
31742,images/31742.jpg,31742.jpg,Blazers
56183,images/56183.jpg,56183.jpg,Compact
28512,images/28512.jpg,28512.jpg,Shorts
27968,images/27968.jpg,27968.jpg,Innerwear Vests
17535,images/17535.jpg,17535.jpg,Shirts
58986,images/58986.jpg,58986.jpg,Deodorant
36773,images/36773.jpg,36773.jpg,Watches
56429,images/56429.jpg,56429.jpg,Eyeshadow
42022,images/42022.jpg,42022.jpg,Flip Flops
49103,images/49103.jpg,49103.jpg,Lip Plumper
53548,images/53548.jpg,53548.jpg,Briefs
57617,images/57617.jpg,57617.jpg,Sunscreen
50654,images/50654.jpg,50654.jpg,Lounge Shorts
39124,images/39124.jpg,39124.jpg,Leggings
55928,images/55928.jpg,55928.jpg,Nail Polish
6893,images/6893.jpg,6893.jpg,Dresses
51385,images/51385.jpg,51385.jpg,Boxers
25765,images/25765.jpg,25765.jpg,Suspenders
4815,images/4815.jpg,4815.jpg,Shorts
24809,images/24809.jpg,24809.jpg,Swimwear
48346,images/48346.jpg,48346.jpg,Necklace and Chains
21465,images/21465.jpg,21465.jpg,Sweaters
25772,images/25772.jpg,25772.jpg,Suspenders
22581,images/22581.jpg,22581.jpg,Sweatshirts
33978,images/33978.jpg,33978.jpg,Stockings
53598,images/53598.jpg,53598.jpg,Free Gifts
28521,images/28521.jpg,28521.jpg,Capris
57779,images/57779.jpg,57779.jpg,Kajal and Eyeliner
2348,images/2348.jpg,2348.jpg,Tshirts
17895,images/17895.jpg,17895.jpg,Innerwear Vests
15525,images/15525.jpg,15525.jpg,Heels
34265,images/34265.jpg,34265.jpg,Dupatta
13408,images/13408.jpg,13408.jpg,Shirts
23200,images/23200.jpg,23200.jpg,Shirts
47570,images/47570.jpg,47570.jpg,Heels
37511,images/37511.jpg,37511.jpg,Booties
45778,images/45778.jpg,45778.jpg,Tunics
38560,images/38560.jpg,38560.jpg,Caps
40113,images/40113.jpg,40113.jpg,Caps
51387,images/51387.jpg,51387.jpg,Boxers
56150,images/56150.jpg,56150.jpg,Kajal and Eyeliner
24456,images/24456.jpg,24456.jpg,Sports Shoes
37556,images/37556.jpg,37556.jpg,Gloves
42198,images/42198.jpg,42198.jpg,Tunics
44975,images/44975.jpg,44975.jpg,Free Gifts
30510,images/30510.jpg,30510.jpg,Bra
58842,images/58842.jpg,58842.jpg,Cufflinks
55278,images/55278.jpg,55278.jpg,Highlighter and Blush
47049,images/47049.jpg,47049.jpg,Salwar
36343,images/36343.jpg,36343.jpg,Ties
21589,images/21589.jpg,21589.jpg,Swimwear
55958,images/55958.jpg,55958.jpg,Lipstick
39502,images/39502.jpg,39502.jpg,Duffel Bag
55836,images/55836.jpg,55836.jpg,Nail Essentials
25900,images/25900.jpg,25900.jpg,Leggings
52492,images/52492.jpg,52492.jpg,Camisoles
58316,images/58316.jpg,58316.jpg,Socks
20462,images/20462.jpg,20462.jpg,Mobile Pouch
35135,images/35135.jpg,35135.jpg,Bangle
38426,images/38426.jpg,38426.jpg,Mobile Pouch
40764,images/40764.jpg,40764.jpg,Messenger Bag
40046,images/40046.jpg,40046.jpg,Shorts
12168,images/12168.jpg,12168.jpg,Dupatta
46929,images/46929.jpg,46929.jpg,Perfume and Body Mist
41327,images/41327.jpg,41327.jpg,Dupatta
48953,images/48953.jpg,48953.jpg,Ring
18375,images/18375.jpg,18375.jpg,Trunk
25960,images/25960.jpg,25960.jpg,Scarves
33195,images/33195.jpg,33195.jpg,Tunics
8936,images/8936.jpg,8936.jpg,Water Bottle
22685,images/22685.jpg,22685.jpg,Waist Pouch
49054,images/49054.jpg,49054.jpg,Ring
20383,images/20383.jpg,20383.jpg,Sweaters
4651,images/4651.jpg,4651.jpg,Sports Sandals
15294,images/15294.jpg,15294.jpg,Backpacks
47064,images/47064.jpg,47064.jpg,Patiala
56215,images/56215.jpg,56215.jpg,Earrings
8988,images/8988.jpg,8988.jpg,Casual Shoes
28066,images/28066.jpg,28066.jpg,Trunk
46877,images/46877.jpg,46877.jpg,Socks
16907,images/16907.jpg,16907.jpg,Sweatshirts
57892,images/57892.jpg,57892.jpg,Eye Cream
32721,images/32721.jpg,32721.jpg,Briefs
57462,images/57462.jpg,57462.jpg,Clutches
58395,images/58395.jpg,58395.jpg,Shirts
20059,images/20059.jpg,20059.jpg,Stockings
15949,images/15949.jpg,15949.jpg,Ties
59781,images/59781.jpg,59781.jpg,Bracelet
49153,images/49153.jpg,49153.jpg,Highlighter and Blush
57864,images/57864.jpg,57864.jpg,Sunscreen
47664,images/47664.jpg,47664.jpg,Scarves
57679,images/57679.jpg,57679.jpg,Body Lotion
30895,images/30895.jpg,30895.jpg,Patiala
53053,images/53053.jpg,53053.jpg,Sarees
37540,images/37540.jpg,37540.jpg,Gloves
25943,images/25943.jpg,25943.jpg,Scarves
11922,images/11922.jpg,11922.jpg,Formal Shoes
58507,images/58507.jpg,58507.jpg,Shrug
57624,images/57624.jpg,57624.jpg,Sunscreen
51944,images/51944.jpg,51944.jpg,Tablet Sleeve
59561,images/59561.jpg,59561.jpg,Ring
25299,images/25299.jpg,25299.jpg,Handbags
53023,images/53023.jpg,53023.jpg,Sarees
48485,images/48485.jpg,48485.jpg,Dresses
51817,images/51817.jpg,51817.jpg,Bra
30191,images/30191.jpg,30191.jpg,Laptop Bag
51588,images/51588.jpg,51588.jpg,Jeggings
10784,images/10784.jpg,10784.jpg,Caps
19340,images/19340.jpg,19340.jpg,Jackets
59102,images/59102.jpg,59102.jpg,Rain Jacket
17833,images/17833.jpg,17833.jpg,Sports Shoes
56177,images/56177.jpg,56177.jpg,Kajal and Eyeliner
59702,images/59702.jpg,59702.jpg,Shapewear
55992,images/55992.jpg,55992.jpg,Lipstick
25761,images/25761.jpg,25761.jpg,Suspenders
18756,images/18756.jpg,18756.jpg,Shirts
47079,images/47079.jpg,47079.jpg,Patiala
37551,images/37551.jpg,37551.jpg,Booties
14162,images/14162.jpg,14162.jpg,Cufflinks
38976,images/38976.jpg,38976.jpg,Tights
43730,images/43730.jpg,43730.jpg,Bangle
57685,images/57685.jpg,57685.jpg,Body Lotion
57208,images/57208.jpg,57208.jpg,Jeggings
49749,images/49749.jpg,49749.jpg,Ties
38571,images/38571.jpg,38571.jpg,Capris
27510,images/27510.jpg,27510.jpg,Bra
29188,images/29188.jpg,29188.jpg,Laptop Bag
20557,images/20557.jpg,20557.jpg,Mobile Pouch
2375,images/2375.jpg,2375.jpg,Formal Shoes
57883,images/57883.jpg,57883.jpg,Face Moisturisers
49966,images/49966.jpg,49966.jpg,Briefs
46156,images/46156.jpg,46156.jpg,Necklace and Chains
51981,images/51981.jpg,51981.jpg,Lounge Tshirts
57794,images/57794.jpg,57794.jpg,Face Wash and Cleanser
54838,images/54838.jpg,54838.jpg,Clutches
53050,images/53050.jpg,53050.jpg,Sarees
2356,images/2356.jpg,2356.jpg,Basketballs
55300,images/55300.jpg,55300.jpg,Eyeshadow
44959,images/44959.jpg,44959.jpg,Deodorant
33961,images/33961.jpg,33961.jpg,Leggings
57681,images/57681.jpg,57681.jpg,Body Lotion
55323,images/55323.jpg,55323.jpg,Hair Colour
14151,images/14151.jpg,14151.jpg,Cufflinks
43714,images/43714.jpg,43714.jpg,Bangle
16947,images/16947.jpg,16947.jpg,Sunglasses
52003,images/52003.jpg,52003.jpg,Lounge Tshirts
53749,images/53749.jpg,53749.jpg,Track Pants
14509,images/14509.jpg,14509.jpg,Casual Shoes
26784,images/26784.jpg,26784.jpg,Fragrance Gift Set
18452,images/18452.jpg,18452.jpg,Fragrance Gift Set
43705,images/43705.jpg,43705.jpg,Jewellery Set
37893,images/37893.jpg,37893.jpg,Tights
2222,images/2222.jpg,2222.jpg,Sandals
55281,images/55281.jpg,55281.jpg,Highlighter and Blush
50736,images/50736.jpg,50736.jpg,Sandals
15057,images/15057.jpg,15057.jpg,Formal Shoes
23191,images/23191.jpg,23191.jpg,Shirts
37578,images/37578.jpg,37578.jpg,Gloves
11010,images/11010.jpg,11010.jpg,Tops
52516,images/52516.jpg,52516.jpg,Camisoles
20558,images/20558.jpg,20558.jpg,Mobile Pouch
23602,images/23602.jpg,23602.jpg,Perfume and Body Mist
55277,images/55277.jpg,55277.jpg,Highlighter and Blush
37902,images/37902.jpg,37902.jpg,Perfume and Body Mist
13617,images/13617.jpg,13617.jpg,Innerwear Vests
27501,images/27501.jpg,27501.jpg,Camisoles
42831,images/42831.jpg,42831.jpg,Headband
49078,images/49078.jpg,49078.jpg,Eyeshadow
55579,images/55579.jpg,55579.jpg,Compact
50901,images/50901.jpg,50901.jpg,Sarees
36989,images/36989.jpg,36989.jpg,Clutches
13783,images/13783.jpg,13783.jpg,Trousers
37526,images/37526.jpg,37526.jpg,Rompers
16769,images/16769.jpg,16769.jpg,Clutches
36060,images/36060.jpg,36060.jpg,Duffel Bag
39170,images/39170.jpg,39170.jpg,Kurtas
57740,images/57740.jpg,57740.jpg,Foundation and Primer
32727,images/32727.jpg,32727.jpg,Casual Shoes
20578,images/20578.jpg,20578.jpg,Mobile Pouch
52374,images/52374.jpg,52374.jpg,Nightdress
20054,images/20054.jpg,20054.jpg,Mufflers
30808,images/30808.jpg,30808.jpg,Churidar
15140,images/15140.jpg,15140.jpg,Shirts
56195,images/56195.jpg,56195.jpg,Highlighter and Blush
23595,images/23595.jpg,23595.jpg,Perfume and Body Mist
20755,images/20755.jpg,20755.jpg,Casual Shoes
25952,images/25952.jpg,25952.jpg,Scarves
55539,images/55539.jpg,55539.jpg,Eyeshadow
58591,images/58591.jpg,58591.jpg,Necklace and Chains
34971,images/34971.jpg,34971.jpg,Stoles
57721,images/57721.jpg,57721.jpg,Lip Gloss
3906,images/3906.jpg,3906.jpg,Track Pants
27959,images/27959.jpg,27959.jpg,Trunk
51847,images/51847.jpg,51847.jpg,Bra
38967,images/38967.jpg,38967.jpg,Waist Pouch
45103,images/45103.jpg,45103.jpg,Shapewear
38392,images/38392.jpg,38392.jpg,Tshirts
45087,images/45087.jpg,45087.jpg,Robe
24174,images/24174.jpg,24174.jpg,Kurtis
8934,images/8934.jpg,8934.jpg,Wristbands
38792,images/38792.jpg,38792.jpg,Tshirts
36073,images/36073.jpg,36073.jpg,Duffel Bag
42582,images/42582.jpg,42582.jpg,Waistcoat
37260,images/37260.jpg,37260.jpg,Waist Pouch
51031,images/51031.jpg,51031.jpg,Bra
56620,images/56620.jpg,56620.jpg,Face Moisturisers
52514,images/52514.jpg,52514.jpg,Camisoles
44090,images/44090.jpg,44090.jpg,Perfume and Body Mist
52042,images/52042.jpg,52042.jpg,Rain Jacket
55479,images/55479.jpg,55479.jpg,Lip Liner
29312,images/29312.jpg,29312.jpg,Backpacks
53357,images/53357.jpg,53357.jpg,Wristbands
19545,images/19545.jpg,19545.jpg,Gloves
56109,images/56109.jpg,56109.jpg,Lip Gloss
45394,images/45394.jpg,45394.jpg,Flats
57637,images/57637.jpg,57637.jpg,Nail Polish
30498,images/30498.jpg,30498.jpg,Bra
38322,images/38322.jpg,38322.jpg,Backpacks
54342,images/54342.jpg,54342.jpg,Leggings
48750,images/48750.jpg,48750.jpg,Bangle
57730,images/57730.jpg,57730.jpg,Lip Care
4929,images/4929.jpg,4929.jpg,Skirts
47606,images/47606.jpg,47606.jpg,Heels
31161,images/31161.jpg,31161.jpg,Blazers
7610,images/7610.jpg,7610.jpg,Messenger Bag
25780,images/25780.jpg,25780.jpg,Suspenders
39535,images/39535.jpg,39535.jpg,Bra
59541,images/59541.jpg,59541.jpg,Earrings
56193,images/56193.jpg,56193.jpg,Highlighter and Blush
14822,images/14822.jpg,14822.jpg,Belts
17997,images/17997.jpg,17997.jpg,Track Pants
49077,images/49077.jpg,49077.jpg,Eyeshadow
1610,images/1610.jpg,1610.jpg,Jackets
55330,images/55330.jpg,55330.jpg,Hair Colour
59771,images/59771.jpg,59771.jpg,Jewellery Set
50657,images/50657.jpg,50657.jpg,Lounge Shorts
56564,images/56564.jpg,56564.jpg,Lip Gloss
25599,images/25599.jpg,25599.jpg,Kurta Sets
27231,images/27231.jpg,27231.jpg,Skirts
3553,images/3553.jpg,3553.jpg,Casual Shoes
33982,images/33982.jpg,33982.jpg,Stockings
37582,images/37582.jpg,37582.jpg,Shorts
8078,images/8078.jpg,8078.jpg,Sandals
57888,images/57888.jpg,57888.jpg,Mask and Peel
52495,images/52495.jpg,52495.jpg,Bath Robe
42676,images/42676.jpg,42676.jpg,Kurtas
58567,images/58567.jpg,58567.jpg,Tracksuits
56142,images/56142.jpg,56142.jpg,Eyeshadow
19913,images/19913.jpg,19913.jpg,Rucksacks
14893,images/14893.jpg,14893.jpg,Travel Accessory
18968,images/18968.jpg,18968.jpg,Sweaters
55078,images/55078.jpg,55078.jpg,Compact
40995,images/40995.jpg,40995.jpg,Capris
14874,images/14874.jpg,14874.jpg,Umbrellas
2188,images/2188.jpg,2188.jpg,Swimwear
55385,images/55385.jpg,55385.jpg,Nail Polish
59516,images/59516.jpg,59516.jpg,Pendant
37523,images/37523.jpg,37523.jpg,Rompers
32249,images/32249.jpg,32249.jpg,Salwar
1554,images/1554.jpg,1554.jpg,Water Bottle
53383,images/53383.jpg,53383.jpg,Heels
52507,images/52507.jpg,52507.jpg,Baby Dolls
58841,images/58841.jpg,58841.jpg,Cufflinks
